{
    "id": "traits",
    "list": [
        {
            "id": "veteran",
            "icon": "iconVeteran",
            "birth": 0.0,
            "inherit": 0.0,
            "opposite": "",
            "oppositeArr": [],
            "honor": 0.0,
            "rationality": 0.0,
            "zeal": 0.0,
            "ambition": 0.0,
            "greed": 0.0,
            "damage": 3,
            "speed": 0.0,
            "health": 30,
            "armor": 1,
            "diplomacy": 1,
            "dodge": 2,
            "accuracy": 0,
            "sameTraitMod": 5,
            "oppositeTraitMod": 0,
            "group": 0,
            "type": 0
        },
        {
            "id": "wise",
            "icon": "iconWise",
            "birth": 0.0,
            "inherit": 0.0,
            "opposite": "",
            "oppositeArr": [],
            "honor": 0.0,
            "rationality": 0.0,
            "zeal": 0.0,
            "ambition": 0.0,
            "greed": 0.0,
            "damage": 0,
            "speed": 0.0,
            "health": 0,
            "armor": 0,
            "diplomacy": 5,
            "dodge": 0,
            "accuracy": 0,
            "sameTraitMod": 5,
            "oppositeTraitMod": 0,
            "group": 0,
            "type": 0
        },
        {
            "id": "strong_minded",
            "icon": "iconStrongMinded",
            "birth": 0.0,
            "inherit": 0.0,
            "opposite": "",
            "oppositeArr": [],
            "honor": 0.0,
            "rationality": 0.0,
            "zeal": 0.0,
            "ambition": 0.0,
            "greed": 0.0,
            "damage": 0,
            "speed": 0.0,
            "health": 0,
            "armor": 0,
            "diplomacy": 0,
            "dodge": 0,
            "accuracy": 0,
            "sameTraitMod": 0,
            "oppositeTraitMod": 0,
            "group": 0,
            "type": 0
        },
        {
            "id": "peaceful",
            "icon": "iconPeaceful",
            "birth": 0.0,
            "inherit": 0.0,
            "opposite": "",
            "oppositeArr": [],
            "honor": 0.0,
            "rationality": 0.0,
            "zeal": 0.0,
            "ambition": 0.0,
            "greed": 0.0,
            "damage": 0,
            "speed": 0.0,
            "health": 0,
            "armor": 0,
            "diplomacy": 0,
            "dodge": 0,
            "accuracy": 0,
            "sameTraitMod": 0,
            "oppositeTraitMod": 0,
            "group": 0,
            "type": 0
        },
        {
            "id": "zombie",
            "icon": "iconZombie",
            "birth": 0.0,
            "inherit": 0.0,
            "opposite": "",
            "oppositeArr": [],
            "honor": 0.0,
            "rationality": 0.0,
            "zeal": 0.0,
            "ambition": 0.0,
            "greed": 0.0,
            "damage": 0,
            "speed": 0.0,
            "health": 0,
            "armor": 0,
            "diplomacy": 0,
            "dodge": 0,
            "accuracy": 0,
            "sameTraitMod": 0,
            "oppositeTraitMod": 0,
            "group": 2,
            "type": 2
        },
        {
            "id": "infected",
            "icon": "iconInfected",
            "birth": 0.0,
            "inherit": 100.0,
            "opposite": "immune,immortal",
            "oppositeArr": [
                "immune",
                "immortal"
            ],
            "honor": 0.0,
            "rationality": 0.0,
            "zeal": 0.0,
            "ambition": 0.0,
            "greed": 0.0,
            "damage": 0,
            "speed": 1.0,
            "health": 0,
            "armor": 0,
            "diplomacy": 0,
            "dodge": -5,
            "accuracy": 0,
            "sameTraitMod": 0,
            "oppositeTraitMod": 0,
            "group": 2,
            "type": 2
        },
        {
            "id": "plague",
            "icon": "iconPlague",
            "birth": 0.0,
            "inherit": 100.0,
            "opposite": "immune,immortal",
            "oppositeArr": [
                "immune",
                "immortal"
            ],
            "honor": 0.0,
            "rationality": 0.0,
            "zeal": 0.0,
            "ambition": 0.0,
            "greed": 0.0,
            "damage": -3,
            "speed": -2.0,
            "health": 0,
            "armor": -1,
            "diplomacy": 0,
            "dodge": -10,
            "accuracy": 0,
            "sameTraitMod": 0,
            "oppositeTraitMod": 0,
            "group": 2,
            "type": 2
        },
        {
            "id": "blessed",
            "icon": "iconBlessing",
            "birth": 0.0,
            "inherit": 0.0,
            "opposite": "",
            "oppositeArr": [],
            "honor": 0.0,
            "rationality": 0.0,
            "zeal": 100.0,
            "ambition": 0.0,
            "greed": 0.0,
            "damage": 2,
            "speed": 0.0,
            "health": 0,
            "armor": 2,
            "diplomacy": 1,
            "dodge": 10,
            "accuracy": 0,
            "sameTraitMod": 0,
            "oppositeTraitMod": 0,
            "group": 2,
            "type": 2
        },
        {
            "id": "madness",
            "icon": "iconMadness",
            "birth": 0.0,
            "inherit": 0.0,
            "opposite": "",
            "oppositeArr": [],
            "honor": 0.0,
            "rationality": -100.0,
            "zeal": 0.0,
            "ambition": 0.0,
            "greed": 0.0,
            "damage": 1,
            "speed": 1.0,
            "health": 0,
            "armor": 0,
            "diplomacy": -100,
            "dodge": 0,
            "accuracy": 0,
            "sameTraitMod": 0,
            "oppositeTraitMod": 0,
            "group": 2,
            "type": 2
        },
        {
            "id": "immortal",
            "icon": "iconImmortal",
            "birth": 0.30000001192092896,
            "inherit": 5.0,
            "opposite": "",
            "oppositeArr": [],
            "honor": 0.0,
            "rationality": 0.0,
            "zeal": 0.0,
            "ambition": 0.0,
            "greed": 0.0,
            "damage": 0,
            "speed": 0.0,
            "health": 10,
            "armor": 0,
            "diplomacy": 0,
            "dodge": 0,
            "accuracy": 0,
            "sameTraitMod": -20,
            "oppositeTraitMod": 0,
            "group": 1,
            "type": 0
        },
        {
            "id": "crippled",
            "icon": "iconCrippled",
            "birth": 0.0,
            "inherit": 0.0,
            "opposite": "",
            "oppositeArr": [],
            "honor": 0.0,
            "rationality": 0.0,
            "zeal": 0.0,
            "ambition": 0.0,
            "greed": 0.0,
            "damage": 0,
            "speed": -3.0,
            "health": 0,
            "armor": 0,
            "diplomacy": -1,
            "dodge": 0,
            "accuracy": 0,
            "sameTraitMod": 4,
            "oppositeTraitMod": 0,
            "group": 2,
            "type": 1
        },
        {
            "id": "eyepatch",
            "icon": "iconEyePatch",
            "birth": 0.0,
            "inherit": 0.0,
            "opposite": "",
            "oppositeArr": [],
            "honor": 0.0,
            "rationality": 0.0,
            "zeal": 0.0,
            "ambition": 0.0,
            "greed": 0.0,
            "damage": 0,
            "speed": 0.0,
            "health": 0,
            "armor": 0,
            "diplomacy": 5,
            "dodge": 0,
            "accuracy": -10,
            "sameTraitMod": 5,
            "oppositeTraitMod": 0,
            "group": 2,
            "type": 1
        },
        {
            "id": "tough",
            "icon": "iconTough",
            "birth": 1.0,
            "inherit": 10.0,
            "opposite": "",
            "oppositeArr": [],
            "honor": 0.0,
            "rationality": 0.0,
            "zeal": 0.0,
            "ambition": 0.0,
            "greed": 0.0,
            "damage": 0,
            "speed": 0.0,
            "health": 0,
            "armor": 2,
            "diplomacy": 0,
            "dodge": 0,
            "accuracy": 0,
            "sameTraitMod": 0,
            "oppositeTraitMod": 0,
            "group": 1,
            "type": 0
        },
        {
            "id": "strong",
            "icon": "iconStrong",
            "birth": 1.0,
            "inherit": 10.0,
            "opposite": "weak",
            "oppositeArr": [
                "weak"
            ],
            "honor": 0.0,
            "rationality": 0.0,
            "zeal": 0.0,
            "ambition": 0.0,
            "greed": 0.0,
            "damage": 3,
            "speed": 0.0,
            "health": 0,
            "armor": 0,
            "diplomacy": 1,
            "dodge": 0,
            "accuracy": 0,
            "sameTraitMod": 0,
            "oppositeTraitMod": 0,
            "group": 1,
            "type": 0
        },
        {
            "id": "weak",
            "icon": "iconWeak",
            "birth": 1.0,
            "inherit": 10.0,
            "opposite": "strong",
            "oppositeArr": [
                "strong"
            ],
            "honor": 0.0,
            "rationality": 0.0,
            "zeal": 0.0,
            "ambition": 0.0,
            "greed": 0.0,
            "damage": -1,
            "speed": 0.0,
            "health": 0,
            "armor": 0,
            "diplomacy": -2,
            "dodge": 0,
            "accuracy": 0,
            "sameTraitMod": 0,
            "oppositeTraitMod": 0,
            "group": 1,
            "type": 1
        },
        {
            "id": "stupid",
            "icon": "iconStupid",
            "birth": 1.0,
            "inherit": 10.0,
            "opposite": "genius",
            "oppositeArr": [
                "genius"
            ],
            "honor": 0.0,
            "rationality": 0.0,
            "zeal": 0.0,
            "ambition": 0.0,
            "greed": 0.0,
            "damage": 0,
            "speed": 0.0,
            "health": 0,
            "armor": 0,
            "diplomacy": -10,
            "dodge": 0,
            "accuracy": 0,
            "sameTraitMod": 30,
            "oppositeTraitMod": 0,
            "group": 1,
            "type": 1
        },
        {
            "id": "genius",
            "icon": "iconGenius",
            "birth": 0.5,
            "inherit": 5.0,
            "opposite": "stupid",
            "oppositeArr": [
                "stupid"
            ],
            "honor": 0.0,
            "rationality": 0.0,
            "zeal": 0.0,
            "ambition": 0.0,
            "greed": 0.0,
            "damage": 0,
            "speed": 0.0,
            "health": 0,
            "armor": 0,
            "diplomacy": 20,
            "dodge": 0,
            "accuracy": 0,
            "sameTraitMod": 5,
            "oppositeTraitMod": 0,
            "group": 1,
            "type": 0
        },
        {
            "id": "regeneration",
            "icon": "iconRegeneration",
            "birth": 0.5,
            "inherit": 5.0,
            "opposite": "",
            "oppositeArr": [],
            "honor": 0.0,
            "rationality": 0.0,
            "zeal": 0.0,
            "ambition": 0.0,
            "greed": 0.0,
            "damage": 0,
            "speed": 0.0,
            "health": 0,
            "armor": 0,
            "diplomacy": 0,
            "dodge": 0,
            "accuracy": 0,
            "sameTraitMod": 0,
            "oppositeTraitMod": 0,
            "group": 1,
            "type": 0
        },
        {
            "id": "ugly",
            "icon": "iconUgly",
            "birth": 1.0,
            "inherit": 10.0,
            "opposite": "attractive",
            "oppositeArr": [
                "attractive"
            ],
            "honor": 0.0,
            "rationality": 0.0,
            "zeal": 0.0,
            "ambition": 0.0,
            "greed": 0.0,
            "damage": 0,
            "speed": 0.0,
            "health": 0,
            "armor": 0,
            "diplomacy": -5,
            "dodge": 0,
            "accuracy": 0,
            "sameTraitMod": 0,
            "oppositeTraitMod": 0,
            "group": 1,
            "type": 1
        },
        {
            "id": "fat",
            "icon": "iconFat",
            "birth": 1.0,
            "inherit": 10.0,
            "opposite": "",
            "oppositeArr": [],
            "honor": 0.0,
            "rationality": 0.0,
            "zeal": 0.0,
            "ambition": 0.0,
            "greed": 0.0,
            "damage": 0,
            "speed": 0.0,
            "health": 0,
            "armor": 0,
            "diplomacy": 0,
            "dodge": -10,
            "accuracy": -5,
            "sameTraitMod": 0,
            "oppositeTraitMod": 0,
            "group": 1,
            "type": 1
        },
        {
            "id": "attractive",
            "icon": "iconAttractive",
            "birth": 1.0,
            "inherit": 10.0,
            "opposite": "ugly",
            "oppositeArr": [
                "ugly"
            ],
            "honor": 0.0,
            "rationality": 0.0,
            "zeal": 0.0,
            "ambition": 0.0,
            "greed": 0.0,
            "damage": 0,
            "speed": 0.0,
            "health": 0,
            "armor": 0,
            "diplomacy": 5,
            "dodge": 0,
            "accuracy": 0,
            "sameTraitMod": 5,
            "oppositeTraitMod": 0,
            "group": 1,
            "type": 0
        },
        {
            "id": "fast",
            "icon": "iconFast",
            "birth": 1.0,
            "inherit": 10.0,
            "opposite": "slow",
            "oppositeArr": [
                "slow"
            ],
            "honor": 0.0,
            "rationality": 0.0,
            "zeal": 0.0,
            "ambition": 0.0,
            "greed": 0.0,
            "damage": 0,
            "speed": 2.0,
            "health": 0,
            "armor": 0,
            "diplomacy": 0,
            "dodge": 0,
            "accuracy": 0,
            "sameTraitMod": 0,
            "oppositeTraitMod": 0,
            "group": 1,
            "type": 0
        },
        {
            "id": "slow",
            "icon": "iconSlow",
            "birth": 1.0,
            "inherit": 10.0,
            "opposite": "fast",
            "oppositeArr": [
                "fast"
            ],
            "honor": 0.0,
            "rationality": 0.0,
            "zeal": 0.0,
            "ambition": 0.0,
            "greed": 0.0,
            "damage": 0,
            "speed": -2.0,
            "health": 0,
            "armor": 0,
            "diplomacy": 0,
            "dodge": 0,
            "accuracy": 0,
            "sameTraitMod": 0,
            "oppositeTraitMod": 0,
            "group": 1,
            "type": 1
        },
        {
            "id": "gluttonous",
            "icon": "iconGluttonous",
            "birth": 1.0,
            "inherit": 50.0,
            "opposite": "",
            "oppositeArr": [],
            "honor": 0.0,
            "rationality": 0.0,
            "zeal": 0.0,
            "ambition": 0.0,
            "greed": 0.0,
            "damage": 0,
            "speed": 0.0,
            "health": 0,
            "armor": 0,
            "diplomacy": 0,
            "dodge": 0,
            "accuracy": 0,
            "sameTraitMod": 0,
            "oppositeTraitMod": 0,
            "group": 1,
            "type": 1
        },
        {
            "id": "burning_feet",
            "icon": "iconBurningFeet",
            "birth": 0.0,
            "inherit": 0.0,
            "opposite": "",
            "oppositeArr": [],
            "honor": 0.0,
            "rationality": 0.0,
            "zeal": 0.0,
            "ambition": 0.0,
            "greed": 0.0,
            "damage": 0,
            "speed": 0.0,
            "health": 0,
            "armor": 0,
            "diplomacy": 0,
            "dodge": 0,
            "accuracy": 0,
            "sameTraitMod": 0,
            "oppositeTraitMod": 0,
            "group": 2,
            "type": 2
        },
        {
            "id": "cold_aura",
            "icon": "iconColdAura",
            "birth": 0.0,
            "inherit": 0.0,
            "opposite": "",
            "oppositeArr": [],
            "honor": 0.0,
            "rationality": 0.0,
            "zeal": 0.0,
            "ambition": 0.0,
            "greed": 0.0,
            "damage": 0,
            "speed": 0.0,
            "health": 0,
            "armor": 0,
            "diplomacy": 0,
            "dodge": 0,
            "accuracy": 0,
            "sameTraitMod": 0,
            "oppositeTraitMod": 0,
            "group": 2,
            "type": 2
        },
        {
            "id": "bomberman",
            "icon": "iconGrenade",
            "birth": 0.0,
            "inherit": 0.0,
            "opposite": "",
            "oppositeArr": [],
            "honor": 0.0,
            "rationality": 0.0,
            "zeal": 0.0,
            "ambition": 0.0,
            "greed": 0.0,
            "damage": 0,
            "speed": 0.0,
            "health": 0,
            "armor": 0,
            "diplomacy": 0,
            "dodge": 0,
            "accuracy": 0,
            "sameTraitMod": 0,
            "oppositeTraitMod": 0,
            "group": 2,
            "type": 2
        },
        {
            "id": "pyromaniac",
            "icon": "iconPyromaniac",
            "birth": 0.20000000298023224,
            "inherit": 2.0,
            "opposite": "",
            "oppositeArr": [],
            "honor": 0.0,
            "rationality": 0.0,
            "zeal": 0.0,
            "ambition": 0.0,
            "greed": 0.0,
            "damage": 0,
            "speed": 0.0,
            "health": 0,
            "armor": 0,
            "diplomacy": 0,
            "dodge": 0,
            "accuracy": 0,
            "sameTraitMod": 0,
            "oppositeTraitMod": 0,
            "group": 2,
            "type": 2
        },
        {
            "id": "eagle_eyed",
            "icon": "iconEagleEye",
            "birth": 0.699999988079071,
            "inherit": 7.0,
            "opposite": "short_sighted",
            "oppositeArr": [
                "short_sighted"
            ],
            "honor": 0.0,
            "rationality": 0.0,
            "zeal": 0.0,
            "ambition": 0.0,
            "greed": 0.0,
            "damage": 0,
            "speed": 0.0,
            "health": 0,
            "armor": 0,
            "diplomacy": 0,
            "dodge": 0,
            "accuracy": 10,
            "sameTraitMod": 0,
            "oppositeTraitMod": 0,
            "group": 1,
            "type": 0
        },
        {
            "id": "short_sighted",
            "icon": "iconShortsighted",
            "birth": 0.699999988079071,
            "inherit": 7.0,
            "opposite": "eagle_eyed",
            "oppositeArr": [
                "eagle_eyed"
            ],
            "honor": 0.0,
            "rationality": 0.0,
            "zeal": 0.0,
            "ambition": 0.0,
            "greed": 0.0,
            "damage": 0,
            "speed": 0.0,
            "health": 0,
            "armor": 0,
            "diplomacy": 0,
            "dodge": 0,
            "accuracy": -5,
            "sameTraitMod": 0,
            "oppositeTraitMod": 0,
            "group": 1,
            "type": 1
        },
        {
            "id": "lucky",
            "icon": "iconLucky",
            "birth": 0.699999988079071,
            "inherit": 7.0,
            "opposite": "unlucky",
            "oppositeArr": [
                "unlucky"
            ],
            "honor": 0.0,
            "rationality": 0.0,
            "zeal": 0.0,
            "ambition": 0.0,
            "greed": 0.0,
            "damage": 0,
            "speed": 0.0,
            "health": 0,
            "armor": 0,
            "diplomacy": 0,
            "dodge": 5,
            "accuracy": 4,
            "sameTraitMod": 0,
            "oppositeTraitMod": 0,
            "group": 1,
            "type": 0
        },
        {
            "id": "unlucky",
            "icon": "iconUnlucky",
            "birth": 0.699999988079071,
            "inherit": 7.0,
            "opposite": "lucky",
            "oppositeArr": [
                "lucky"
            ],
            "honor": 0.0,
            "rationality": 0.0,
            "zeal": 0.0,
            "ambition": 0.0,
            "greed": 0.0,
            "damage": 0,
            "speed": 0.0,
            "health": 0,
            "armor": 0,
            "diplomacy": 0,
            "dodge": -2,
            "accuracy": -4,
            "sameTraitMod": 0,
            "oppositeTraitMod": 0,
            "group": 1,
            "type": 1
        },
        {
            "id": "immune",
            "icon": "iconImmune",
            "birth": 0.25,
            "inherit": 10.0,
            "opposite": "",
            "oppositeArr": [],
            "honor": 0.0,
            "rationality": 0.0,
            "zeal": 0.0,
            "ambition": 0.0,
            "greed": 0.0,
            "damage": 0,
            "speed": 0.0,
            "health": 0,
            "armor": 3,
            "diplomacy": 0,
            "dodge": 0,
            "accuracy": 0,
            "sameTraitMod": 0,
            "oppositeTraitMod": 0,
            "group": 1,
            "type": 0
        },
        {
            "id": "agile",
            "icon": "iconAgile",
            "birth": 0.75,
            "inherit": 7.5,
            "opposite": "",
            "oppositeArr": [],
            "honor": 0.0,
            "rationality": 0.0,
            "zeal": 0.0,
            "ambition": 0.0,
            "greed": 0.0,
            "damage": 0,
            "speed": 0.0,
            "health": 0,
            "armor": 0,
            "diplomacy": 0,
            "dodge": 10,
            "accuracy": 0,
            "sameTraitMod": 0,
            "oppositeTraitMod": 0,
            "group": 1,
            "type": 0
        },
        {
            "id": "deceitful",
            "icon": "iconDeceitful",
            "birth": 0.8999999761581421,
            "inherit": -1.0,
            "opposite": "honest",
            "oppositeArr": [
                "honest"
            ],
            "honor": -30.0,
            "rationality": 0.0,
            "zeal": 0.0,
            "ambition": 0.0,
            "greed": 0.0,
            "damage": 0,
            "speed": 0.0,
            "health": 0,
            "armor": 0,
            "diplomacy": 0,
            "dodge": 0,
            "accuracy": 0,
            "sameTraitMod": -5,
            "oppositeTraitMod": 0,
            "group": 0,
            "type": 1
        },
        {
            "id": "bloodlust",
            "icon": "iconBloodlust",
            "birth": 0.8999999761581421,
            "inherit": 9.0,
            "opposite": "pacifist",
            "oppositeArr": [
                "pacifist"
            ],
            "honor": 0.0,
            "rationality": 0.0,
            "zeal": 0.0,
            "ambition": 0.0,
            "greed": 0.0,
            "damage": 0,
            "speed": 0.0,
            "health": 0,
            "armor": 0,
            "diplomacy": 0,
            "dodge": 0,
            "accuracy": 0,
            "sameTraitMod": 0,
            "oppositeTraitMod": 0,
            "group": 0,
            "type": 1
        },
        {
            "id": "pacifist",
            "icon": "iconPacifist",
            "birth": 0.8999999761581421,
            "inherit": 9.0,
            "opposite": "bloodlust",
            "oppositeArr": [
                "bloodlust"
            ],
            "honor": 0.0,
            "rationality": 0.0,
            "zeal": 0.0,
            "ambition": 0.0,
            "greed": 0.0,
            "damage": 0,
            "speed": 0.0,
            "health": 0,
            "armor": 0,
            "diplomacy": 0,
            "dodge": 0,
            "accuracy": 0,
            "sameTraitMod": 0,
            "oppositeTraitMod": 0,
            "group": 0,
            "type": 0
        },
        {
            "id": "ambitious",
            "icon": "iconAmbitious",
            "birth": 1.0,
            "inherit": -1.0,
            "opposite": "content",
            "oppositeArr": [
                "content"
            ],
            "honor": 0.0,
            "rationality": 0.0,
            "zeal": 0.0,
            "ambition": 30.0,
            "greed": 0.0,
            "damage": 1,
            "speed": 0.0,
            "health": 0,
            "armor": 0,
            "diplomacy": 10,
            "dodge": 0,
            "accuracy": 4,
            "sameTraitMod": -10,
            "oppositeTraitMod": 0,
            "group": 2,
            "type": 2
        },
        {
            "id": "content",
            "icon": "iconContent",
            "birth": 1.0,
            "inherit": -1.0,
            "opposite": "ambitious,greedy",
            "oppositeArr": [
                "ambitious",
                "greedy"
            ],
            "honor": 0.0,
            "rationality": 0.0,
            "zeal": 0.0,
            "ambition": -30.0,
            "greed": 0.0,
            "damage": 0,
            "speed": 0.0,
            "health": 0,
            "armor": 0,
            "diplomacy": 0,
            "dodge": 0,
            "accuracy": 0,
            "sameTraitMod": 15,
            "oppositeTraitMod": 0,
            "group": 0,
            "type": 0
        },
        {
            "id": "honest",
            "icon": "iconHonest",
            "birth": 1.0,
            "inherit": -1.0,
            "opposite": "honest",
            "oppositeArr": [
                "honest"
            ],
            "honor": 20.0,
            "rationality": 0.0,
            "zeal": 0.0,
            "ambition": 0.0,
            "greed": 0.0,
            "damage": 0,
            "speed": 0.0,
            "health": 0,
            "armor": 0,
            "diplomacy": 0,
            "dodge": 0,
            "accuracy": 0,
            "sameTraitMod": 0,
            "oppositeTraitMod": 0,
            "group": 0,
            "type": 0
        },
        {
            "id": "paranoid",
            "icon": "iconParanoid",
            "birth": 1.0,
            "inherit": -1.0,
            "opposite": "honest",
            "oppositeArr": [
                "honest"
            ],
            "honor": -20.0,
            "rationality": 0.0,
            "zeal": 0.0,
            "ambition": 0.0,
            "greed": 0.0,
            "damage": 0,
            "speed": 0.0,
            "health": 0,
            "armor": 0,
            "diplomacy": 0,
            "dodge": 0,
            "accuracy": 0,
            "sameTraitMod": 0,
            "oppositeTraitMod": 0,
            "group": 0,
            "type": 1
        },
        {
            "id": "greedy",
            "icon": "iconGreedy",
            "birth": 1.0,
            "inherit": -1.0,
            "opposite": "content",
            "oppositeArr": [
                "content"
            ],
            "honor": -10.0,
            "rationality": 0.0,
            "zeal": 0.0,
            "ambition": 15.0,
            "greed": 80.0,
            "damage": 0,
            "speed": 0.0,
            "health": 0,
            "armor": 0,
            "diplomacy": 0,
            "dodge": 0,
            "accuracy": 0,
            "sameTraitMod": 0,
            "oppositeTraitMod": 0,
            "group": 0,
            "type": 1
        },
        {
            "id": "weightless",
            "icon": "iconWeightless",
            "birth": 0.800000011920929,
            "inherit": 8.0,
            "opposite": "",
            "oppositeArr": [],
            "honor": 0.0,
            "rationality": 0.0,
            "zeal": 0.0,
            "ambition": 0.0,
            "greed": 0.0,
            "damage": 0,
            "speed": 0.0,
            "health": 0,
            "armor": 0,
            "diplomacy": 0,
            "dodge": 5,
            "accuracy": 0,
            "sameTraitMod": 0,
            "oppositeTraitMod": 0,
            "group": 2,
            "type": 2
        }
    ]
}