{"id":"units","list":[{"id":"_unit","actorID":8,"race":"animal","kingdom":"","dropItemOnDeath":1,"actorSize":2,"health":100,"armor":0,"speed":10.0,"dodge":0,"accuracy":90,"diplomacy":0,"maxAge":0,"timeToGrow":0,"animationType":1,"animation_idle":0,"attackRate":1.0,"attackDamage":10,"attackKnockback":1.0,"knockbackReduction":1.0,"canBeKilledByStuff":true,"canBeKilledByDrawing":true,"ignoreTileSpeedMod":false,"skipFightLogic":false,"canAttackBuildings":true,"ignoreJobs":false,"egg":false,"unit":true,"unitType":0,"flying":false,"disableJumpAnimation":false,"rotatingAnimation":false,"dieOnGround":false,"dieInWater":false,"waterCreature":false,"swimToIsland":true,"procreate":false,"layEggs":false,"eggPrefab":"","eatGrass":false,"carnivorous":false,"meatSource":false,"panicWhenAttacked":false,"canBeDamagedByFire":true,"canBeMovedByForce":true,"canTurnIntoZombie":true,"hideFavoriteIcon":false,"canBeInspected":true,"inspectAvatarScale":2.5,"maxHunger":100,"hungerTimer":4,"needFood":true,"updateZ":true,"hideOnMinimap":true,"defaultJob":"","randomWeapons":"","heads":7,"effectDamage":true,"specialAnimation":false,"flipAnimation":true,"specialDeadAnimation":false,"dieByLightning":false,"listJobs":[],"prefabToSpawn":"","icon":"iconQuestionMark","color":{"r":0.0,"g":0.0,"b":0.0,"a":0.0},"traits":[]},{"id":"unit_human","actorID":8,"race":"human","kingdom":"","dropItemOnDeath":1,"actorSize":2,"health":100,"armor":0,"speed":4.0,"dodge":5,"accuracy":85,"diplomacy":5,"maxAge":70,"timeToGrow":0,"animationType":1,"animation_idle":0,"attackRate":1.0,"attackDamage":15,"attackKnockback":1.0,"knockbackReduction":1.0,"canBeKilledByStuff":true,"canBeKilledByDrawing":true,"ignoreTileSpeedMod":false,"skipFightLogic":false,"canAttackBuildings":true,"ignoreJobs":false,"egg":false,"unit":true,"unitType":0,"flying":false,"disableJumpAnimation":false,"rotatingAnimation":false,"dieOnGround":false,"dieInWater":false,"waterCreature":false,"swimToIsland":true,"procreate":false,"layEggs":false,"eggPrefab":"","eatGrass":false,"carnivorous":false,"meatSource":false,"panicWhenAttacked":false,"canBeDamagedByFire":true,"canBeMovedByForce":true,"canTurnIntoZombie":true,"hideFavoriteIcon":false,"canBeInspected":true,"inspectAvatarScale":2.5,"maxHunger":100,"hungerTimer":4,"needFood":true,"updateZ":true,"hideOnMinimap":true,"defaultJob":"","randomWeapons":"iron_sword,iron_axe,axe,wooden_club","heads":7,"effectDamage":true,"specialAnimation":false,"flipAnimation":true,"specialDeadAnimation":false,"dieByLightning":false,"listJobs":[],"prefabToSpawn":"","icon":"iconHumans","color":{"r":0.0,"g":0.3686274588108063,"b":0.4470588266849518,"a":1.0},"traits":[]},{"id":"unit_elf","actorID":8,"race":"elf","kingdom":"","dropItemOnDeath":1,"actorSize":2,"health":120,"armor":0,"speed":5.0,"dodge":10,"accuracy":90,"diplomacy":8,"maxAge":300,"timeToGrow":0,"animationType":1,"animation_idle":0,"attackRate":1.0,"attackDamage":15,"attackKnockback":1.0,"knockbackReduction":1.0,"canBeKilledByStuff":true,"canBeKilledByDrawing":true,"ignoreTileSpeedMod":false,"skipFightLogic":false,"canAttackBuildings":true,"ignoreJobs":false,"egg":false,"unit":true,"unitType":0,"flying":false,"disableJumpAnimation":false,"rotatingAnimation":false,"dieOnGround":false,"dieInWater":false,"waterCreature":false,"swimToIsland":true,"procreate":false,"layEggs":false,"eggPrefab":"","eatGrass":false,"carnivorous":false,"meatSource":false,"panicWhenAttacked":false,"canBeDamagedByFire":true,"canBeMovedByForce":true,"canTurnIntoZombie":true,"hideFavoriteIcon":false,"canBeInspected":true,"inspectAvatarScale":2.5,"maxHunger":100,"hungerTimer":4,"needFood":true,"updateZ":true,"hideOnMinimap":true,"defaultJob":"","randomWeapons":"wooden_sword, staff, staff_2, staff_3","heads":7,"effectDamage":true,"specialAnimation":false,"flipAnimation":true,"specialDeadAnimation":false,"dieByLightning":false,"listJobs":[],"prefabToSpawn":"","icon":"iconElves","color":{"r":0.0,"g":0.364705890417099,"b":0.0,"a":1.0},"traits":["weightless"]},{"id":"unit_orc","actorID":8,"race":"orc","kingdom":"","dropItemOnDeath":1,"actorSize":2,"health":150,"armor":3,"speed":5.0,"dodge":0,"accuracy":80,"diplomacy":1,"maxAge":60,"timeToGrow":0,"animationType":1,"animation_idle":0,"attackRate":1.0,"attackDamage":18,"attackKnockback":1.0,"knockbackReduction":1.0,"canBeKilledByStuff":true,"canBeKilledByDrawing":true,"ignoreTileSpeedMod":false,"skipFightLogic":false,"canAttackBuildings":true,"ignoreJobs":false,"egg":false,"unit":true,"unitType":0,"flying":false,"disableJumpAnimation":false,"rotatingAnimation":false,"dieOnGround":false,"dieInWater":false,"waterCreature":false,"swimToIsland":true,"procreate":false,"layEggs":false,"eggPrefab":"","eatGrass":false,"carnivorous":false,"meatSource":false,"panicWhenAttacked":false,"canBeDamagedByFire":true,"canBeMovedByForce":true,"canTurnIntoZombie":true,"hideFavoriteIcon":false,"canBeInspected":true,"inspectAvatarScale":2.5,"maxHunger":100,"hungerTimer":4,"needFood":true,"updateZ":true,"hideOnMinimap":true,"defaultJob":"","randomWeapons":"wooden_club,huge_club","heads":7,"effectDamage":true,"specialAnimation":false,"flipAnimation":true,"specialDeadAnimation":false,"dieByLightning":false,"listJobs":[],"prefabToSpawn":"","icon":"iconOrcs","color":{"r":0.18431372940540315,"g":0.32156863808631899,"b":0.14509804546833039,"a":1.0},"traits":["regeneration"]},{"id":"unit_dwarf","actorID":8,"race":"dwarf","kingdom":"","dropItemOnDeath":1,"actorSize":2,"health":200,"armor":4,"speed":3.0,"dodge":0,"accuracy":80,"diplomacy":4,"maxAge":150,"timeToGrow":0,"animationType":1,"animation_idle":0,"attackRate":2.0,"attackDamage":22,"attackKnockback":1.0,"knockbackReduction":1.0,"canBeKilledByStuff":true,"canBeKilledByDrawing":true,"ignoreTileSpeedMod":false,"skipFightLogic":false,"canAttackBuildings":true,"ignoreJobs":false,"egg":false,"unit":true,"unitType":0,"flying":false,"disableJumpAnimation":false,"rotatingAnimation":false,"dieOnGround":false,"dieInWater":false,"waterCreature":false,"swimToIsland":true,"procreate":false,"layEggs":false,"eggPrefab":"","eatGrass":false,"carnivorous":false,"meatSource":false,"panicWhenAttacked":false,"canBeDamagedByFire":true,"canBeMovedByForce":true,"canTurnIntoZombie":true,"hideFavoriteIcon":false,"canBeInspected":true,"inspectAvatarScale":2.5,"maxHunger":100,"hungerTimer":4,"needFood":true,"updateZ":true,"hideOnMinimap":true,"defaultJob":"","randomWeapons":"wooden_club,huge_club","heads":7,"effectDamage":true,"specialAnimation":false,"flipAnimation":true,"specialDeadAnimation":false,"dieByLightning":false,"listJobs":[],"prefabToSpawn":"","icon":"iconDwarf","color":{"r":0.5098039507865906,"g":0.5098039507865906,"b":0.5098039507865906,"a":1.0},"traits":[]},{"id":"king_human","actorID":8,"race":"human","kingdom":"","dropItemOnDeath":1,"actorSize":2,"health":100,"armor":0,"speed":4.0,"dodge":5,"accuracy":85,"diplomacy":5,"maxAge":70,"timeToGrow":0,"animationType":1,"animation_idle":0,"attackRate":1.0,"attackDamage":15,"attackKnockback":1.0,"knockbackReduction":1.0,"canBeKilledByStuff":true,"canBeKilledByDrawing":true,"ignoreTileSpeedMod":false,"skipFightLogic":false,"canAttackBuildings":true,"ignoreJobs":false,"egg":false,"unit":true,"unitType":1,"flying":false,"disableJumpAnimation":false,"rotatingAnimation":false,"dieOnGround":false,"dieInWater":false,"waterCreature":false,"swimToIsland":true,"procreate":false,"layEggs":false,"eggPrefab":"","eatGrass":false,"carnivorous":false,"meatSource":false,"panicWhenAttacked":false,"canBeDamagedByFire":true,"canBeMovedByForce":true,"canTurnIntoZombie":true,"hideFavoriteIcon":false,"canBeInspected":true,"inspectAvatarScale":2.5,"maxHunger":100,"hungerTimer":4,"needFood":true,"updateZ":true,"hideOnMinimap":true,"defaultJob":"","randomWeapons":"iron_sword,iron_axe,axe,wooden_club","heads":7,"effectDamage":true,"specialAnimation":false,"flipAnimation":true,"specialDeadAnimation":false,"dieByLightning":false,"listJobs":[],"prefabToSpawn":"","icon":"iconHumans","color":{"r":0.0,"g":0.3686274588108063,"b":0.4470588266849518,"a":1.0},"traits":[]},{"id":"king_elf","actorID":8,"race":"elf","kingdom":"","dropItemOnDeath":1,"actorSize":2,"health":120,"armor":0,"speed":5.0,"dodge":10,"accuracy":90,"diplomacy":8,"maxAge":300,"timeToGrow":0,"animationType":1,"animation_idle":0,"attackRate":1.0,"attackDamage":15,"attackKnockback":1.0,"knockbackReduction":1.0,"canBeKilledByStuff":true,"canBeKilledByDrawing":true,"ignoreTileSpeedMod":false,"skipFightLogic":false,"canAttackBuildings":true,"ignoreJobs":false,"egg":false,"unit":true,"unitType":1,"flying":false,"disableJumpAnimation":false,"rotatingAnimation":false,"dieOnGround":false,"dieInWater":false,"waterCreature":false,"swimToIsland":true,"procreate":false,"layEggs":false,"eggPrefab":"","eatGrass":false,"carnivorous":false,"meatSource":false,"panicWhenAttacked":false,"canBeDamagedByFire":true,"canBeMovedByForce":true,"canTurnIntoZombie":true,"hideFavoriteIcon":false,"canBeInspected":true,"inspectAvatarScale":2.5,"maxHunger":100,"hungerTimer":4,"needFood":true,"updateZ":true,"hideOnMinimap":true,"defaultJob":"","randomWeapons":"wooden_sword, staff, staff_2, staff_3","heads":7,"effectDamage":true,"specialAnimation":false,"flipAnimation":true,"specialDeadAnimation":false,"dieByLightning":false,"listJobs":[],"prefabToSpawn":"","icon":"iconElves","color":{"r":0.0,"g":0.364705890417099,"b":0.0,"a":1.0},"traits":["weightless"]},{"id":"king_orc","actorID":8,"race":"orc","kingdom":"","dropItemOnDeath":1,"actorSize":2,"health":150,"armor":3,"speed":5.0,"dodge":0,"accuracy":80,"diplomacy":1,"maxAge":60,"timeToGrow":0,"animationType":1,"animation_idle":0,"attackRate":1.0,"attackDamage":18,"attackKnockback":1.0,"knockbackReduction":1.0,"canBeKilledByStuff":true,"canBeKilledByDrawing":true,"ignoreTileSpeedMod":false,"skipFightLogic":false,"canAttackBuildings":true,"ignoreJobs":false,"egg":false,"unit":true,"unitType":1,"flying":false,"disableJumpAnimation":false,"rotatingAnimation":false,"dieOnGround":false,"dieInWater":false,"waterCreature":false,"swimToIsland":true,"procreate":false,"layEggs":false,"eggPrefab":"","eatGrass":false,"carnivorous":false,"meatSource":false,"panicWhenAttacked":false,"canBeDamagedByFire":true,"canBeMovedByForce":true,"canTurnIntoZombie":true,"hideFavoriteIcon":false,"canBeInspected":true,"inspectAvatarScale":2.5,"maxHunger":100,"hungerTimer":4,"needFood":true,"updateZ":true,"hideOnMinimap":true,"defaultJob":"","randomWeapons":"wooden_club,huge_club","heads":7,"effectDamage":true,"specialAnimation":false,"flipAnimation":true,"specialDeadAnimation":false,"dieByLightning":false,"listJobs":[],"prefabToSpawn":"","icon":"iconOrcs","color":{"r":0.18431372940540315,"g":0.32156863808631899,"b":0.14509804546833039,"a":1.0},"traits":["regeneration"]},{"id":"king_dwarf","actorID":8,"race":"dwarf","kingdom":"","dropItemOnDeath":1,"actorSize":2,"health":200,"armor":4,"speed":3.0,"dodge":0,"accuracy":80,"diplomacy":4,"maxAge":150,"timeToGrow":0,"animationType":1,"animation_idle":0,"attackRate":2.0,"attackDamage":22,"attackKnockback":1.0,"knockbackReduction":1.0,"canBeKilledByStuff":true,"canBeKilledByDrawing":true,"ignoreTileSpeedMod":false,"skipFightLogic":false,"canAttackBuildings":true,"ignoreJobs":false,"egg":false,"unit":true,"unitType":1,"flying":false,"disableJumpAnimation":false,"rotatingAnimation":false,"dieOnGround":false,"dieInWater":false,"waterCreature":false,"swimToIsland":true,"procreate":false,"layEggs":false,"eggPrefab":"","eatGrass":false,"carnivorous":false,"meatSource":false,"panicWhenAttacked":false,"canBeDamagedByFire":true,"canBeMovedByForce":true,"canTurnIntoZombie":true,"hideFavoriteIcon":false,"canBeInspected":true,"inspectAvatarScale":2.5,"maxHunger":100,"hungerTimer":4,"needFood":true,"updateZ":true,"hideOnMinimap":true,"defaultJob":"","randomWeapons":"wooden_club,huge_club","heads":7,"effectDamage":true,"specialAnimation":false,"flipAnimation":true,"specialDeadAnimation":false,"dieByLightning":false,"listJobs":[],"prefabToSpawn":"","icon":"iconDwarf","color":{"r":0.5098039507865906,"g":0.5098039507865906,"b":0.5098039507865906,"a":1.0},"traits":[]},{"id":"leader_human","actorID":8,"race":"human","kingdom":"","dropItemOnDeath":1,"actorSize":2,"health":100,"armor":0,"speed":4.0,"dodge":5,"accuracy":85,"diplomacy":5,"maxAge":70,"timeToGrow":0,"animationType":1,"animation_idle":0,"attackRate":1.0,"attackDamage":15,"attackKnockback":1.0,"knockbackReduction":1.0,"canBeKilledByStuff":true,"canBeKilledByDrawing":true,"ignoreTileSpeedMod":false,"skipFightLogic":false,"canAttackBuildings":true,"ignoreJobs":false,"egg":false,"unit":true,"unitType":3,"flying":false,"disableJumpAnimation":false,"rotatingAnimation":false,"dieOnGround":false,"dieInWater":false,"waterCreature":false,"swimToIsland":true,"procreate":false,"layEggs":false,"eggPrefab":"","eatGrass":false,"carnivorous":false,"meatSource":false,"panicWhenAttacked":false,"canBeDamagedByFire":true,"canBeMovedByForce":true,"canTurnIntoZombie":true,"hideFavoriteIcon":false,"canBeInspected":true,"inspectAvatarScale":2.5,"maxHunger":100,"hungerTimer":4,"needFood":true,"updateZ":true,"hideOnMinimap":true,"defaultJob":"","randomWeapons":"iron_sword,iron_axe,axe,wooden_club","heads":7,"effectDamage":true,"specialAnimation":false,"flipAnimation":true,"specialDeadAnimation":false,"dieByLightning":false,"listJobs":[],"prefabToSpawn":"","icon":"iconHumans","color":{"r":0.0,"g":0.3686274588108063,"b":0.4470588266849518,"a":1.0},"traits":[]},{"id":"leader_elf","actorID":8,"race":"elf","kingdom":"","dropItemOnDeath":1,"actorSize":2,"health":120,"armor":0,"speed":5.0,"dodge":10,"accuracy":90,"diplomacy":8,"maxAge":300,"timeToGrow":0,"animationType":1,"animation_idle":0,"attackRate":1.0,"attackDamage":15,"attackKnockback":1.0,"knockbackReduction":1.0,"canBeKilledByStuff":true,"canBeKilledByDrawing":true,"ignoreTileSpeedMod":false,"skipFightLogic":false,"canAttackBuildings":true,"ignoreJobs":false,"egg":false,"unit":true,"unitType":3,"flying":false,"disableJumpAnimation":false,"rotatingAnimation":false,"dieOnGround":false,"dieInWater":false,"waterCreature":false,"swimToIsland":true,"procreate":false,"layEggs":false,"eggPrefab":"","eatGrass":false,"carnivorous":false,"meatSource":false,"panicWhenAttacked":false,"canBeDamagedByFire":true,"canBeMovedByForce":true,"canTurnIntoZombie":true,"hideFavoriteIcon":false,"canBeInspected":true,"inspectAvatarScale":2.5,"maxHunger":100,"hungerTimer":4,"needFood":true,"updateZ":true,"hideOnMinimap":true,"defaultJob":"","randomWeapons":"wooden_sword, staff, staff_2, staff_3","heads":7,"effectDamage":true,"specialAnimation":false,"flipAnimation":true,"specialDeadAnimation":false,"dieByLightning":false,"listJobs":[],"prefabToSpawn":"","icon":"iconElves","color":{"r":0.0,"g":0.364705890417099,"b":0.0,"a":1.0},"traits":["weightless"]},{"id":"leader_orc","actorID":8,"race":"orc","kingdom":"","dropItemOnDeath":1,"actorSize":2,"health":150,"armor":3,"speed":5.0,"dodge":0,"accuracy":80,"diplomacy":1,"maxAge":60,"timeToGrow":0,"animationType":1,"animation_idle":0,"attackRate":1.0,"attackDamage":18,"attackKnockback":1.0,"knockbackReduction":1.0,"canBeKilledByStuff":true,"canBeKilledByDrawing":true,"ignoreTileSpeedMod":false,"skipFightLogic":false,"canAttackBuildings":true,"ignoreJobs":false,"egg":false,"unit":true,"unitType":3,"flying":false,"disableJumpAnimation":false,"rotatingAnimation":false,"dieOnGround":false,"dieInWater":false,"waterCreature":false,"swimToIsland":true,"procreate":false,"layEggs":false,"eggPrefab":"","eatGrass":false,"carnivorous":false,"meatSource":false,"panicWhenAttacked":false,"canBeDamagedByFire":true,"canBeMovedByForce":true,"canTurnIntoZombie":true,"hideFavoriteIcon":false,"canBeInspected":true,"inspectAvatarScale":2.5,"maxHunger":100,"hungerTimer":4,"needFood":true,"updateZ":true,"hideOnMinimap":true,"defaultJob":"","randomWeapons":"wooden_club,huge_club","heads":7,"effectDamage":true,"specialAnimation":false,"flipAnimation":true,"specialDeadAnimation":false,"dieByLightning":false,"listJobs":[],"prefabToSpawn":"","icon":"iconOrcs","color":{"r":0.18431372940540315,"g":0.32156863808631899,"b":0.14509804546833039,"a":1.0},"traits":["regeneration"]},{"id":"leader_dwarf","actorID":8,"race":"dwarf","kingdom":"","dropItemOnDeath":1,"actorSize":2,"health":200,"armor":4,"speed":3.0,"dodge":0,"accuracy":80,"diplomacy":4,"maxAge":150,"timeToGrow":0,"animationType":1,"animation_idle":0,"attackRate":2.0,"attackDamage":22,"attackKnockback":1.0,"knockbackReduction":1.0,"canBeKilledByStuff":true,"canBeKilledByDrawing":true,"ignoreTileSpeedMod":false,"skipFightLogic":false,"canAttackBuildings":true,"ignoreJobs":false,"egg":false,"unit":true,"unitType":3,"flying":false,"disableJumpAnimation":false,"rotatingAnimation":false,"dieOnGround":false,"dieInWater":false,"waterCreature":false,"swimToIsland":true,"procreate":false,"layEggs":false,"eggPrefab":"","eatGrass":false,"carnivorous":false,"meatSource":false,"panicWhenAttacked":false,"canBeDamagedByFire":true,"canBeMovedByForce":true,"canTurnIntoZombie":true,"hideFavoriteIcon":false,"canBeInspected":true,"inspectAvatarScale":2.5,"maxHunger":100,"hungerTimer":4,"needFood":true,"updateZ":true,"hideOnMinimap":true,"defaultJob":"","randomWeapons":"wooden_club,huge_club","heads":7,"effectDamage":true,"specialAnimation":false,"flipAnimation":true,"specialDeadAnimation":false,"dieByLightning":false,"listJobs":[],"prefabToSpawn":"","icon":"iconDwarf","color":{"r":0.5098039507865906,"g":0.5098039507865906,"b":0.5098039507865906,"a":1.0},"traits":[]},{"id":"baby_human","actorID":8,"race":"human","kingdom":"","dropItemOnDeath":1,"actorSize":2,"health":100,"armor":0,"speed":1.0,"dodge":5,"accuracy":85,"diplomacy":5,"maxAge":70,"timeToGrow":200,"animationType":1,"animation_idle":3,"attackRate":1.0,"attackDamage":15,"attackKnockback":1.0,"knockbackReduction":1.0,"canBeKilledByStuff":true,"canBeKilledByDrawing":true,"ignoreTileSpeedMod":false,"skipFightLogic":false,"canAttackBuildings":true,"ignoreJobs":false,"egg":false,"unit":true,"unitType":2,"flying":false,"disableJumpAnimation":false,"rotatingAnimation":false,"dieOnGround":false,"dieInWater":false,"waterCreature":false,"swimToIsland":true,"procreate":false,"layEggs":false,"eggPrefab":"","eatGrass":false,"carnivorous":false,"meatSource":false,"panicWhenAttacked":false,"canBeDamagedByFire":true,"canBeMovedByForce":true,"canTurnIntoZombie":true,"hideFavoriteIcon":false,"canBeInspected":true,"inspectAvatarScale":2.5,"maxHunger":100,"hungerTimer":4,"needFood":true,"updateZ":true,"hideOnMinimap":true,"defaultJob":"","randomWeapons":"","heads":7,"effectDamage":true,"specialAnimation":false,"flipAnimation":true,"specialDeadAnimation":false,"dieByLightning":false,"listJobs":[],"prefabToSpawn":"p_unit","icon":"iconHumans","color":{"r":0.0,"g":0.3686274588108063,"b":0.4470588266849518,"a":1.0},"traits":["peaceful"]},{"id":"baby_elf","actorID":8,"race":"elf","kingdom":"","dropItemOnDeath":1,"actorSize":2,"health":120,"armor":0,"speed":1.0,"dodge":10,"accuracy":90,"diplomacy":8,"maxAge":300,"timeToGrow":400,"animationType":1,"animation_idle":3,"attackRate":1.0,"attackDamage":15,"attackKnockback":1.0,"knockbackReduction":1.0,"canBeKilledByStuff":true,"canBeKilledByDrawing":true,"ignoreTileSpeedMod":false,"skipFightLogic":false,"canAttackBuildings":true,"ignoreJobs":false,"egg":false,"unit":true,"unitType":2,"flying":false,"disableJumpAnimation":false,"rotatingAnimation":false,"dieOnGround":false,"dieInWater":false,"waterCreature":false,"swimToIsland":true,"procreate":false,"layEggs":false,"eggPrefab":"","eatGrass":false,"carnivorous":false,"meatSource":false,"panicWhenAttacked":false,"canBeDamagedByFire":true,"canBeMovedByForce":true,"canTurnIntoZombie":true,"hideFavoriteIcon":false,"canBeInspected":true,"inspectAvatarScale":2.5,"maxHunger":100,"hungerTimer":4,"needFood":true,"updateZ":true,"hideOnMinimap":true,"defaultJob":"","randomWeapons":"","heads":7,"effectDamage":true,"specialAnimation":false,"flipAnimation":true,"specialDeadAnimation":false,"dieByLightning":false,"listJobs":[],"prefabToSpawn":"p_unit","icon":"iconElves","color":{"r":0.0,"g":0.364705890417099,"b":0.0,"a":1.0},"traits":["weightless","peaceful"]},{"id":"baby_orc","actorID":8,"race":"orc","kingdom":"","dropItemOnDeath":1,"actorSize":2,"health":150,"armor":3,"speed":1.0,"dodge":0,"accuracy":80,"diplomacy":1,"maxAge":60,"timeToGrow":120,"animationType":1,"animation_idle":3,"attackRate":1.0,"attackDamage":18,"attackKnockback":1.0,"knockbackReduction":1.0,"canBeKilledByStuff":true,"canBeKilledByDrawing":true,"ignoreTileSpeedMod":false,"skipFightLogic":false,"canAttackBuildings":true,"ignoreJobs":false,"egg":false,"unit":true,"unitType":2,"flying":false,"disableJumpAnimation":false,"rotatingAnimation":false,"dieOnGround":false,"dieInWater":false,"waterCreature":false,"swimToIsland":true,"procreate":false,"layEggs":false,"eggPrefab":"","eatGrass":false,"carnivorous":false,"meatSource":false,"panicWhenAttacked":false,"canBeDamagedByFire":true,"canBeMovedByForce":true,"canTurnIntoZombie":true,"hideFavoriteIcon":false,"canBeInspected":true,"inspectAvatarScale":2.5,"maxHunger":100,"hungerTimer":4,"needFood":true,"updateZ":true,"hideOnMinimap":true,"defaultJob":"","randomWeapons":"","heads":7,"effectDamage":true,"specialAnimation":false,"flipAnimation":true,"specialDeadAnimation":false,"dieByLightning":false,"listJobs":[],"prefabToSpawn":"p_unit","icon":"iconOrcs","color":{"r":0.18431372940540315,"g":0.32156863808631899,"b":0.14509804546833039,"a":1.0},"traits":["regeneration","peaceful"]},{"id":"baby_dwarf","actorID":8,"race":"dwarf","kingdom":"","dropItemOnDeath":1,"actorSize":2,"health":200,"armor":4,"speed":1.0,"dodge":0,"accuracy":80,"diplomacy":4,"maxAge":150,"timeToGrow":250,"animationType":1,"animation_idle":3,"attackRate":2.0,"attackDamage":22,"attackKnockback":1.0,"knockbackReduction":1.0,"canBeKilledByStuff":true,"canBeKilledByDrawing":true,"ignoreTileSpeedMod":false,"skipFightLogic":false,"canAttackBuildings":true,"ignoreJobs":false,"egg":false,"unit":true,"unitType":2,"flying":false,"disableJumpAnimation":false,"rotatingAnimation":false,"dieOnGround":false,"dieInWater":false,"waterCreature":false,"swimToIsland":true,"procreate":false,"layEggs":false,"eggPrefab":"","eatGrass":false,"carnivorous":false,"meatSource":false,"panicWhenAttacked":false,"canBeDamagedByFire":true,"canBeMovedByForce":true,"canTurnIntoZombie":true,"hideFavoriteIcon":false,"canBeInspected":true,"inspectAvatarScale":2.5,"maxHunger":100,"hungerTimer":4,"needFood":true,"updateZ":true,"hideOnMinimap":true,"defaultJob":"","randomWeapons":"","heads":7,"effectDamage":true,"specialAnimation":false,"flipAnimation":true,"specialDeadAnimation":false,"dieByLightning":false,"listJobs":[],"prefabToSpawn":"p_unit","icon":"iconDwarf","color":{"r":0.5098039507865906,"g":0.5098039507865906,"b":0.5098039507865906,"a":1.0},"traits":["peaceful"]},{"id":"antBlack","actorID":12,"race":"special","kingdom":"nature","dropItemOnDeath":1,"actorSize":2,"health":1,"armor":0,"speed":300.0,"dodge":0,"accuracy":90,"diplomacy":0,"maxAge":0,"timeToGrow":0,"animationType":0,"animation_idle":0,"attackRate":0.0,"attackDamage":0,"attackKnockback":0.0,"knockbackReduction":0.0,"canBeKilledByStuff":true,"canBeKilledByDrawing":true,"ignoreTileSpeedMod":true,"skipFightLogic":true,"canAttackBuildings":false,"ignoreJobs":true,"egg":false,"unit":false,"unitType":0,"flying":false,"disableJumpAnimation":false,"rotatingAnimation":false,"dieOnGround":false,"dieInWater":false,"waterCreature":false,"swimToIsland":false,"procreate":false,"layEggs":false,"eggPrefab":"","eatGrass":false,"carnivorous":false,"meatSource":false,"panicWhenAttacked":false,"canBeDamagedByFire":true,"canBeMovedByForce":true,"canTurnIntoZombie":false,"hideFavoriteIcon":false,"canBeInspected":false,"inspectAvatarScale":2.5,"maxHunger":100,"hungerTimer":4,"needFood":false,"updateZ":true,"hideOnMinimap":true,"defaultJob":"","randomWeapons":"","heads":7,"effectDamage":true,"specialAnimation":false,"flipAnimation":true,"specialDeadAnimation":false,"dieByLightning":false,"listJobs":[],"prefabToSpawn":"","icon":"iconQuestionMark","color":{"r":0.0,"g":0.0,"b":0.0,"a":1.0},"traits":["strong_minded"]},{"id":"antGreen","actorID":12,"race":"special","kingdom":"nature","dropItemOnDeath":1,"actorSize":2,"health":1,"armor":0,"speed":300.0,"dodge":0,"accuracy":90,"diplomacy":0,"maxAge":0,"timeToGrow":0,"animationType":0,"animation_idle":0,"attackRate":0.0,"attackDamage":0,"attackKnockback":0.0,"knockbackReduction":0.0,"canBeKilledByStuff":true,"canBeKilledByDrawing":true,"ignoreTileSpeedMod":true,"skipFightLogic":true,"canAttackBuildings":false,"ignoreJobs":true,"egg":false,"unit":false,"unitType":0,"flying":false,"disableJumpAnimation":false,"rotatingAnimation":false,"dieOnGround":false,"dieInWater":false,"waterCreature":false,"swimToIsland":false,"procreate":false,"layEggs":false,"eggPrefab":"","eatGrass":false,"carnivorous":false,"meatSource":false,"panicWhenAttacked":false,"canBeDamagedByFire":true,"canBeMovedByForce":true,"canTurnIntoZombie":false,"hideFavoriteIcon":false,"canBeInspected":false,"inspectAvatarScale":2.5,"maxHunger":100,"hungerTimer":4,"needFood":false,"updateZ":true,"hideOnMinimap":true,"defaultJob":"","randomWeapons":"","heads":7,"effectDamage":true,"specialAnimation":false,"flipAnimation":true,"specialDeadAnimation":false,"dieByLightning":false,"listJobs":[],"prefabToSpawn":"","icon":"iconQuestionMark","color":{"r":0.0,"g":0.49803921580314639,"b":0.054901961237192157,"a":1.0},"traits":["strong_minded"]},{"id":"antBlue","actorID":12,"race":"special","kingdom":"nature","dropItemOnDeath":1,"actorSize":2,"health":1,"armor":0,"speed":300.0,"dodge":0,"accuracy":90,"diplomacy":0,"maxAge":0,"timeToGrow":0,"animationType":0,"animation_idle":0,"attackRate":0.0,"attackDamage":0,"attackKnockback":0.0,"knockbackReduction":0.0,"canBeKilledByStuff":true,"canBeKilledByDrawing":true,"ignoreTileSpeedMod":true,"skipFightLogic":true,"canAttackBuildings":false,"ignoreJobs":true,"egg":false,"unit":false,"unitType":0,"flying":false,"disableJumpAnimation":false,"rotatingAnimation":false,"dieOnGround":false,"dieInWater":false,"waterCreature":false,"swimToIsland":false,"procreate":false,"layEggs":false,"eggPrefab":"","eatGrass":false,"carnivorous":false,"meatSource":false,"panicWhenAttacked":false,"canBeDamagedByFire":true,"canBeMovedByForce":true,"canTurnIntoZombie":false,"hideFavoriteIcon":false,"canBeInspected":false,"inspectAvatarScale":2.5,"maxHunger":100,"hungerTimer":4,"needFood":false,"updateZ":true,"hideOnMinimap":true,"defaultJob":"","randomWeapons":"","heads":7,"effectDamage":true,"specialAnimation":false,"flipAnimation":true,"specialDeadAnimation":false,"dieByLightning":false,"listJobs":[],"prefabToSpawn":"","icon":"iconQuestionMark","color":{"r":0.0,"g":0.5803921818733215,"b":1.0,"a":1.0},"traits":["strong_minded"]},{"id":"antRed","actorID":12,"race":"special","kingdom":"nature","dropItemOnDeath":1,"actorSize":2,"health":1,"armor":0,"speed":300.0,"dodge":0,"accuracy":90,"diplomacy":0,"maxAge":0,"timeToGrow":0,"animationType":0,"animation_idle":0,"attackRate":0.0,"attackDamage":0,"attackKnockback":0.0,"knockbackReduction":0.0,"canBeKilledByStuff":true,"canBeKilledByDrawing":true,"ignoreTileSpeedMod":true,"skipFightLogic":true,"canAttackBuildings":false,"ignoreJobs":true,"egg":false,"unit":false,"unitType":0,"flying":false,"disableJumpAnimation":false,"rotatingAnimation":false,"dieOnGround":false,"dieInWater":false,"waterCreature":false,"swimToIsland":false,"procreate":false,"layEggs":false,"eggPrefab":"","eatGrass":false,"carnivorous":false,"meatSource":false,"panicWhenAttacked":false,"canBeDamagedByFire":true,"canBeMovedByForce":true,"canTurnIntoZombie":false,"hideFavoriteIcon":false,"canBeInspected":false,"inspectAvatarScale":2.5,"maxHunger":100,"hungerTimer":4,"needFood":false,"updateZ":true,"hideOnMinimap":true,"defaultJob":"","randomWeapons":"","heads":7,"effectDamage":true,"specialAnimation":false,"flipAnimation":true,"specialDeadAnimation":false,"dieByLightning":false,"listJobs":[],"prefabToSpawn":"","icon":"iconQuestionMark","color":{"r":1.0,"g":0.14509804546833039,"b":0.06666667014360428,"a":1.0},"traits":["strong_minded"]},{"id":"sandSpider","actorID":12,"race":"special","kingdom":"nature","dropItemOnDeath":1,"actorSize":2,"health":1,"armor":0,"speed":10.0,"dodge":0,"accuracy":90,"diplomacy":0,"maxAge":0,"timeToGrow":0,"animationType":0,"animation_idle":0,"attackRate":0.0,"attackDamage":0,"attackKnockback":0.0,"knockbackReduction":0.0,"canBeKilledByStuff":true,"canBeKilledByDrawing":true,"ignoreTileSpeedMod":true,"skipFightLogic":true,"canAttackBuildings":false,"ignoreJobs":true,"egg":false,"unit":false,"unitType":0,"flying":false,"disableJumpAnimation":false,"rotatingAnimation":false,"dieOnGround":false,"dieInWater":false,"waterCreature":false,"swimToIsland":false,"procreate":false,"layEggs":false,"eggPrefab":"","eatGrass":false,"carnivorous":false,"meatSource":false,"panicWhenAttacked":false,"canBeDamagedByFire":true,"canBeMovedByForce":true,"canTurnIntoZombie":false,"hideFavoriteIcon":false,"canBeInspected":false,"inspectAvatarScale":2.5,"maxHunger":100,"hungerTimer":4,"needFood":false,"updateZ":true,"hideOnMinimap":true,"defaultJob":"","randomWeapons":"","heads":7,"effectDamage":true,"specialAnimation":false,"flipAnimation":true,"specialDeadAnimation":false,"dieByLightning":false,"listJobs":[],"prefabToSpawn":"","icon":"iconQuestionMark","color":{"r":0.1764705926179886,"g":0.1764705926179886,"b":0.1764705926179886,"a":1.0},"traits":["strong_minded"]},{"id":"worm","actorID":15,"race":"special","kingdom":"nature","dropItemOnDeath":1,"actorSize":2,"health":1,"armor":0,"speed":10.0,"dodge":0,"accuracy":90,"diplomacy":0,"maxAge":0,"timeToGrow":0,"animationType":0,"animation_idle":0,"attackRate":0.0,"attackDamage":0,"attackKnockback":0.0,"knockbackReduction":0.0,"canBeKilledByStuff":true,"canBeKilledByDrawing":true,"ignoreTileSpeedMod":true,"skipFightLogic":true,"canAttackBuildings":false,"ignoreJobs":true,"egg":false,"unit":false,"unitType":0,"flying":false,"disableJumpAnimation":false,"rotatingAnimation":false,"dieOnGround":false,"dieInWater":false,"waterCreature":false,"swimToIsland":false,"procreate":false,"layEggs":false,"eggPrefab":"","eatGrass":false,"carnivorous":false,"meatSource":false,"panicWhenAttacked":false,"canBeDamagedByFire":false,"canBeMovedByForce":true,"canTurnIntoZombie":false,"hideFavoriteIcon":false,"canBeInspected":false,"inspectAvatarScale":2.5,"maxHunger":100,"hungerTimer":4,"needFood":false,"updateZ":true,"hideOnMinimap":true,"defaultJob":"worm","randomWeapons":"","heads":7,"effectDamage":true,"specialAnimation":false,"flipAnimation":true,"specialDeadAnimation":false,"dieByLightning":false,"listJobs":[],"prefabToSpawn":"","icon":"iconQuestionMark","color":{"r":0.0,"g":0.0,"b":0.0,"a":0.0},"traits":["strong_minded"]},{"id":"dragon","actorID":11,"race":"dragon","kingdom":"dragons","dropItemOnDeath":1,"actorSize":4,"health":600,"armor":0,"speed":5.0,"dodge":0,"accuracy":90,"diplomacy":0,"maxAge":0,"timeToGrow":0,"animationType":0,"animation_idle":0,"attackRate":1.0,"attackDamage":80,"attackKnockback":0.6000000238418579,"knockbackReduction":0.0,"canBeKilledByStuff":true,"canBeKilledByDrawing":true,"ignoreTileSpeedMod":true,"skipFightLogic":true,"canAttackBuildings":false,"ignoreJobs":true,"egg":false,"unit":false,"unitType":0,"flying":false,"disableJumpAnimation":false,"rotatingAnimation":false,"dieOnGround":false,"dieInWater":false,"waterCreature":false,"swimToIsland":false,"procreate":false,"layEggs":false,"eggPrefab":"","eatGrass":false,"carnivorous":false,"meatSource":false,"panicWhenAttacked":false,"canBeDamagedByFire":false,"canBeMovedByForce":true,"canTurnIntoZombie":false,"hideFavoriteIcon":true,"canBeInspected":true,"inspectAvatarScale":1.5,"maxHunger":100,"hungerTimer":4,"needFood":false,"updateZ":true,"hideOnMinimap":false,"defaultJob":"","randomWeapons":"","heads":7,"effectDamage":true,"specialAnimation":true,"flipAnimation":true,"specialDeadAnimation":true,"dieByLightning":false,"listJobs":[],"prefabToSpawn":"","icon":"iconDragon","color":{"r":0.0,"g":0.0,"b":0.0,"a":0.0},"traits":["immortal","regeneration","strong_minded"]},{"id":"printer","actorID":12,"race":"nature","kingdom":"nature","dropItemOnDeath":1,"actorSize":2,"health":1,"armor":0,"speed":1000.0,"dodge":0,"accuracy":90,"diplomacy":0,"maxAge":0,"timeToGrow":0,"animationType":0,"animation_idle":0,"attackRate":0.30000001192092898,"attackDamage":10,"attackKnockback":1.0,"knockbackReduction":1.0,"canBeKilledByStuff":false,"canBeKilledByDrawing":true,"ignoreTileSpeedMod":true,"skipFightLogic":true,"canAttackBuildings":false,"ignoreJobs":true,"egg":false,"unit":false,"unitType":0,"flying":false,"disableJumpAnimation":false,"rotatingAnimation":false,"dieOnGround":false,"dieInWater":false,"waterCreature":false,"swimToIsland":false,"procreate":false,"layEggs":false,"eggPrefab":"","eatGrass":false,"carnivorous":false,"meatSource":false,"panicWhenAttacked":false,"canBeDamagedByFire":false,"canBeMovedByForce":true,"canTurnIntoZombie":false,"hideFavoriteIcon":false,"canBeInspected":false,"inspectAvatarScale":2.5,"maxHunger":100,"hungerTimer":4,"needFood":false,"updateZ":true,"hideOnMinimap":true,"defaultJob":"","randomWeapons":"","heads":7,"effectDamage":true,"specialAnimation":false,"flipAnimation":true,"specialDeadAnimation":false,"dieByLightning":false,"listJobs":[],"prefabToSpawn":"","icon":"iconQuestionMark","color":{"r":0.0,"g":0.0,"b":0.0,"a":0.0},"traits":[]},{"id":"tentacle","actorID":12,"race":"special","kingdom":"nature","dropItemOnDeath":1,"actorSize":2,"health":1,"armor":0,"speed":7.0,"dodge":0,"accuracy":90,"diplomacy":0,"maxAge":0,"timeToGrow":0,"animationType":0,"animation_idle":0,"attackRate":1.0,"attackDamage":10,"attackKnockback":0.6000000238418579,"knockbackReduction":1.0,"canBeKilledByStuff":false,"canBeKilledByDrawing":true,"ignoreTileSpeedMod":true,"skipFightLogic":true,"canAttackBuildings":false,"ignoreJobs":true,"egg":false,"unit":false,"unitType":0,"flying":false,"disableJumpAnimation":false,"rotatingAnimation":false,"dieOnGround":false,"dieInWater":false,"waterCreature":false,"swimToIsland":false,"procreate":false,"layEggs":false,"eggPrefab":"","eatGrass":false,"carnivorous":false,"meatSource":false,"panicWhenAttacked":false,"canBeDamagedByFire":true,"canBeMovedByForce":true,"canTurnIntoZombie":false,"hideFavoriteIcon":false,"canBeInspected":false,"inspectAvatarScale":2.5,"maxHunger":100,"hungerTimer":4,"needFood":false,"updateZ":true,"hideOnMinimap":true,"defaultJob":"","randomWeapons":"","heads":7,"effectDamage":true,"specialAnimation":false,"flipAnimation":true,"specialDeadAnimation":false,"dieByLightning":false,"listJobs":[],"prefabToSpawn":"","icon":"iconQuestionMark","color":{"r":0.0,"g":0.0,"b":0.0,"a":0.0},"traits":["immortal","strong_minded"]},{"id":"UFO","actorID":18,"race":"ufo","kingdom":"aliens","dropItemOnDeath":1,"actorSize":4,"health":200,"armor":0,"speed":20.0,"dodge":0,"accuracy":90,"diplomacy":0,"maxAge":0,"timeToGrow":0,"animationType":0,"animation_idle":0,"attackRate":1.0,"attackDamage":80,"attackKnockback":0.6000000238418579,"knockbackReduction":1.0,"canBeKilledByStuff":true,"canBeKilledByDrawing":true,"ignoreTileSpeedMod":true,"skipFightLogic":true,"canAttackBuildings":false,"ignoreJobs":true,"egg":false,"unit":false,"unitType":0,"flying":true,"disableJumpAnimation":false,"rotatingAnimation":false,"dieOnGround":false,"dieInWater":false,"waterCreature":false,"swimToIsland":false,"procreate":false,"layEggs":false,"eggPrefab":"","eatGrass":false,"carnivorous":false,"meatSource":false,"panicWhenAttacked":false,"canBeDamagedByFire":false,"canBeMovedByForce":true,"canTurnIntoZombie":false,"hideFavoriteIcon":true,"canBeInspected":true,"inspectAvatarScale":2.5,"maxHunger":100,"hungerTimer":4,"needFood":false,"updateZ":false,"hideOnMinimap":false,"defaultJob":"","randomWeapons":"","heads":7,"effectDamage":true,"specialAnimation":true,"flipAnimation":false,"specialDeadAnimation":true,"dieByLightning":true,"listJobs":[],"prefabToSpawn":"","icon":"iconUfo","color":{"r":0.0,"g":0.0,"b":0.0,"a":0.0},"traits":["immortal","strong_minded"]},{"id":"boulder","actorID":20,"race":"nature","kingdom":"nature","dropItemOnDeath":1,"actorSize":2,"health":100,"armor":0,"speed":4.0,"dodge":0,"accuracy":90,"diplomacy":0,"maxAge":0,"timeToGrow":0,"animationType":0,"animation_idle":0,"attackRate":0.30000001192092898,"attackDamage":10,"attackKnockback":1.0,"knockbackReduction":1.0,"canBeKilledByStuff":false,"canBeKilledByDrawing":true,"ignoreTileSpeedMod":true,"skipFightLogic":true,"canAttackBuildings":false,"ignoreJobs":true,"egg":false,"unit":false,"unitType":0,"flying":false,"disableJumpAnimation":false,"rotatingAnimation":false,"dieOnGround":false,"dieInWater":false,"waterCreature":false,"swimToIsland":false,"procreate":false,"layEggs":false,"eggPrefab":"","eatGrass":false,"carnivorous":false,"meatSource":false,"panicWhenAttacked":false,"canBeDamagedByFire":false,"canBeMovedByForce":true,"canTurnIntoZombie":false,"hideFavoriteIcon":false,"canBeInspected":false,"inspectAvatarScale":2.5,"maxHunger":100,"hungerTimer":4,"needFood":false,"updateZ":true,"hideOnMinimap":false,"defaultJob":"random_move","randomWeapons":"","heads":7,"effectDamage":true,"specialAnimation":true,"flipAnimation":false,"specialDeadAnimation":true,"dieByLightning":false,"listJobs":[],"prefabToSpawn":"","icon":"iconQuestionMark","color":{"r":0.0,"g":0.0,"b":0.0,"a":0.0},"traits":[]},{"id":"tornado","actorID":19,"race":"nature","kingdom":"nature","dropItemOnDeath":1,"actorSize":2,"health":100,"armor":0,"speed":5.0,"dodge":0,"accuracy":90,"diplomacy":0,"maxAge":0,"timeToGrow":0,"animationType":0,"animation_idle":0,"attackRate":7.0,"attackDamage":7,"attackKnockback":1.0,"knockbackReduction":1.0,"canBeKilledByStuff":false,"canBeKilledByDrawing":true,"ignoreTileSpeedMod":true,"skipFightLogic":true,"canAttackBuildings":false,"ignoreJobs":true,"egg":false,"unit":false,"unitType":0,"flying":true,"disableJumpAnimation":false,"rotatingAnimation":false,"dieOnGround":false,"dieInWater":false,"waterCreature":false,"swimToIsland":false,"procreate":false,"layEggs":false,"eggPrefab":"","eatGrass":false,"carnivorous":false,"meatSource":false,"panicWhenAttacked":false,"canBeDamagedByFire":false,"canBeMovedByForce":true,"canTurnIntoZombie":false,"hideFavoriteIcon":false,"canBeInspected":false,"inspectAvatarScale":2.5,"maxHunger":100,"hungerTimer":4,"needFood":false,"updateZ":true,"hideOnMinimap":false,"defaultJob":"tornado","randomWeapons":"","heads":7,"effectDamage":false,"specialAnimation":true,"flipAnimation":true,"specialDeadAnimation":true,"dieByLightning":false,"listJobs":[],"prefabToSpawn":"","icon":"iconQuestionMark","color":{"r":0.0,"g":0.0,"b":0.0,"a":0.0},"traits":["strong_minded"]},{"id":"godFinger","actorID":17,"race":"special","kingdom":"nature","dropItemOnDeath":1,"actorSize":2,"health":30,"armor":0,"speed":4.0,"dodge":0,"accuracy":90,"diplomacy":0,"maxAge":0,"timeToGrow":0,"animationType":0,"animation_idle":0,"attackRate":0.30000001192092898,"attackDamage":10,"attackKnockback":1.0,"knockbackReduction":1.0,"canBeKilledByStuff":true,"canBeKilledByDrawing":false,"ignoreTileSpeedMod":true,"skipFightLogic":true,"canAttackBuildings":false,"ignoreJobs":true,"egg":false,"unit":false,"unitType":0,"flying":false,"disableJumpAnimation":false,"rotatingAnimation":false,"dieOnGround":false,"dieInWater":false,"waterCreature":false,"swimToIsland":false,"procreate":false,"layEggs":false,"eggPrefab":"","eatGrass":false,"carnivorous":false,"meatSource":false,"panicWhenAttacked":false,"canBeDamagedByFire":false,"canBeMovedByForce":true,"canTurnIntoZombie":false,"hideFavoriteIcon":false,"canBeInspected":false,"inspectAvatarScale":2.5,"maxHunger":100,"hungerTimer":4,"needFood":false,"updateZ":true,"hideOnMinimap":false,"defaultJob":"random_move","randomWeapons":"","heads":7,"effectDamage":true,"specialAnimation":true,"flipAnimation":false,"specialDeadAnimation":false,"dieByLightning":false,"listJobs":[],"prefabToSpawn":"","icon":"iconQuestionMark","color":{"r":0.0,"g":0.0,"b":0.0,"a":0.0},"traits":["strong_minded"]},{"id":"santa","actorID":21,"race":"special","kingdom":"nature","dropItemOnDeath":1,"actorSize":2,"health":1,"armor":0,"speed":4.0,"dodge":0,"accuracy":90,"diplomacy":0,"maxAge":0,"timeToGrow":0,"animationType":0,"animation_idle":0,"attackRate":0.30000001192092898,"attackDamage":10,"attackKnockback":1.0,"knockbackReduction":1.0,"canBeKilledByStuff":false,"canBeKilledByDrawing":true,"ignoreTileSpeedMod":true,"skipFightLogic":true,"canAttackBuildings":false,"ignoreJobs":true,"egg":false,"unit":false,"unitType":0,"flying":true,"disableJumpAnimation":false,"rotatingAnimation":false,"dieOnGround":false,"dieInWater":false,"waterCreature":false,"swimToIsland":false,"procreate":false,"layEggs":false,"eggPrefab":"","eatGrass":false,"carnivorous":false,"meatSource":false,"panicWhenAttacked":false,"canBeDamagedByFire":false,"canBeMovedByForce":true,"canTurnIntoZombie":false,"hideFavoriteIcon":false,"canBeInspected":false,"inspectAvatarScale":2.5,"maxHunger":100,"hungerTimer":4,"needFood":false,"updateZ":false,"hideOnMinimap":false,"defaultJob":"random_fly_around_map","randomWeapons":"","heads":7,"effectDamage":true,"specialAnimation":false,"flipAnimation":false,"specialDeadAnimation":false,"dieByLightning":true,"listJobs":[],"prefabToSpawn":"","icon":"iconQuestionMark","color":{"r":0.0,"g":0.0,"b":0.0,"a":0.0},"traits":["strong_minded"]},{"id":"_mob","actorID":0,"race":"animal","kingdom":"","dropItemOnDeath":1,"actorSize":2,"health":100,"armor":0,"speed":4.0,"dodge":0,"accuracy":90,"diplomacy":0,"maxAge":0,"timeToGrow":0,"animationType":0,"animation_idle":0,"attackRate":0.30000001192092898,"attackDamage":10,"attackKnockback":1.0,"knockbackReduction":1.0,"canBeKilledByStuff":true,"canBeKilledByDrawing":true,"ignoreTileSpeedMod":false,"skipFightLogic":false,"canAttackBuildings":true,"ignoreJobs":false,"egg":false,"unit":false,"unitType":0,"flying":false,"disableJumpAnimation":false,"rotatingAnimation":false,"dieOnGround":false,"dieInWater":false,"waterCreature":false,"swimToIsland":true,"procreate":false,"layEggs":false,"eggPrefab":"","eatGrass":false,"carnivorous":false,"meatSource":false,"panicWhenAttacked":false,"canBeDamagedByFire":true,"canBeMovedByForce":true,"canTurnIntoZombie":true,"hideFavoriteIcon":false,"canBeInspected":true,"inspectAvatarScale":2.5,"maxHunger":100,"hungerTimer":4,"needFood":false,"updateZ":true,"hideOnMinimap":true,"defaultJob":"","randomWeapons":"","heads":7,"effectDamage":true,"specialAnimation":false,"flipAnimation":true,"specialDeadAnimation":false,"dieByLightning":false,"listJobs":["random_move"],"prefabToSpawn":"","icon":"iconQuestionMark","color":{"r":0.0,"g":0.0,"b":0.0,"a":0.0},"traits":[]},{"id":"_animal","actorID":0,"race":"animal","kingdom":"","dropItemOnDeath":1,"actorSize":2,"health":100,"armor":0,"speed":4.0,"dodge":0,"accuracy":90,"diplomacy":0,"maxAge":40,"timeToGrow":0,"animationType":0,"animation_idle":0,"attackRate":0.30000001192092898,"attackDamage":10,"attackKnockback":1.0,"knockbackReduction":1.0,"canBeKilledByStuff":true,"canBeKilledByDrawing":true,"ignoreTileSpeedMod":false,"skipFightLogic":false,"canAttackBuildings":true,"ignoreJobs":false,"egg":false,"unit":false,"unitType":0,"flying":false,"disableJumpAnimation":false,"rotatingAnimation":false,"dieOnGround":false,"dieInWater":false,"waterCreature":false,"swimToIsland":true,"procreate":false,"layEggs":false,"eggPrefab":"","eatGrass":false,"carnivorous":false,"meatSource":false,"panicWhenAttacked":false,"canBeDamagedByFire":true,"canBeMovedByForce":true,"canTurnIntoZombie":true,"hideFavoriteIcon":false,"canBeInspected":true,"inspectAvatarScale":2.5,"maxHunger":100,"hungerTimer":4,"needFood":true,"updateZ":true,"hideOnMinimap":true,"defaultJob":"","randomWeapons":"","heads":7,"effectDamage":true,"specialAnimation":false,"flipAnimation":true,"specialDeadAnimation":false,"dieByLightning":false,"listJobs":["random_move"],"prefabToSpawn":"","icon":"iconQuestionMark","color":{"r":0.0,"g":0.0,"b":0.0,"a":0.0},"traits":[]},{"id":"_peacefulAnimal","actorID":0,"race":"animal","kingdom":"neutral_animals","dropItemOnDeath":1,"actorSize":2,"health":100,"armor":0,"speed":4.0,"dodge":0,"accuracy":90,"diplomacy":0,"maxAge":0,"timeToGrow":0,"animationType":0,"animation_idle":0,"attackRate":0.30000001192092898,"attackDamage":1,"attackKnockback":1.0,"knockbackReduction":1.0,"canBeKilledByStuff":true,"canBeKilledByDrawing":true,"ignoreTileSpeedMod":false,"skipFightLogic":false,"canAttackBuildings":false,"ignoreJobs":false,"egg":false,"unit":false,"unitType":0,"flying":false,"disableJumpAnimation":false,"rotatingAnimation":false,"dieOnGround":false,"dieInWater":false,"waterCreature":false,"swimToIsland":true,"procreate":true,"layEggs":false,"eggPrefab":"","eatGrass":false,"carnivorous":false,"meatSource":false,"panicWhenAttacked":false,"canBeDamagedByFire":true,"canBeMovedByForce":true,"canTurnIntoZombie":false,"hideFavoriteIcon":false,"canBeInspected":true,"inspectAvatarScale":2.5,"maxHunger":100,"hungerTimer":4,"needFood":true,"updateZ":true,"hideOnMinimap":true,"defaultJob":"","randomWeapons":"","heads":7,"effectDamage":true,"specialAnimation":false,"flipAnimation":true,"specialDeadAnimation":false,"dieByLightning":false,"listJobs":["random_move"],"prefabToSpawn":"","icon":"iconQuestionMark","color":{"r":0.0,"g":0.0,"b":0.0,"a":0.0},"traits":["peaceful"]},{"id":"sheep","actorID":4,"race":"sheep","kingdom":"neutral_animals","dropItemOnDeath":1,"actorSize":2,"health":100,"armor":0,"speed":6.0,"dodge":0,"accuracy":90,"diplomacy":0,"maxAge":0,"timeToGrow":0,"animationType":0,"animation_idle":0,"attackRate":0.30000001192092898,"attackDamage":5,"attackKnockback":1.0,"knockbackReduction":1.0,"canBeKilledByStuff":true,"canBeKilledByDrawing":true,"ignoreTileSpeedMod":false,"skipFightLogic":false,"canAttackBuildings":false,"ignoreJobs":false,"egg":false,"unit":false,"unitType":0,"flying":false,"disableJumpAnimation":false,"rotatingAnimation":false,"dieOnGround":false,"dieInWater":false,"waterCreature":false,"swimToIsland":true,"procreate":true,"layEggs":false,"eggPrefab":"","eatGrass":true,"carnivorous":false,"meatSource":true,"panicWhenAttacked":false,"canBeDamagedByFire":true,"canBeMovedByForce":true,"canTurnIntoZombie":false,"hideFavoriteIcon":false,"canBeInspected":true,"inspectAvatarScale":2.5,"maxHunger":100,"hungerTimer":4,"needFood":true,"updateZ":true,"hideOnMinimap":true,"defaultJob":"","randomWeapons":"","heads":7,"effectDamage":true,"specialAnimation":false,"flipAnimation":true,"specialDeadAnimation":false,"dieByLightning":false,"listJobs":["random_move","follow_same_race"],"prefabToSpawn":"","icon":"iconSheep","color":{"r":0.843137264251709,"g":0.843137264251709,"b":0.843137264251709,"a":1.0},"traits":["peaceful"]},{"id":"_egg","actorID":1,"race":"animal","kingdom":"neutral_animals","dropItemOnDeath":1,"actorSize":2,"health":100,"armor":0,"speed":4.0,"dodge":0,"accuracy":90,"diplomacy":0,"maxAge":0,"timeToGrow":0,"animationType":0,"animation_idle":0,"attackRate":0.30000001192092898,"attackDamage":10,"attackKnockback":1.0,"knockbackReduction":1.0,"canBeKilledByStuff":true,"canBeKilledByDrawing":true,"ignoreTileSpeedMod":false,"skipFightLogic":true,"canAttackBuildings":false,"ignoreJobs":false,"egg":true,"unit":false,"unitType":0,"flying":false,"disableJumpAnimation":false,"rotatingAnimation":false,"dieOnGround":false,"dieInWater":false,"waterCreature":false,"swimToIsland":false,"procreate":false,"layEggs":false,"eggPrefab":"","eatGrass":false,"carnivorous":false,"meatSource":false,"panicWhenAttacked":false,"canBeDamagedByFire":true,"canBeMovedByForce":true,"canTurnIntoZombie":false,"hideFavoriteIcon":false,"canBeInspected":false,"inspectAvatarScale":2.5,"maxHunger":100,"hungerTimer":4,"needFood":false,"updateZ":true,"hideOnMinimap":true,"defaultJob":"","randomWeapons":"","heads":7,"effectDamage":true,"specialAnimation":true,"flipAnimation":false,"specialDeadAnimation":false,"dieByLightning":false,"listJobs":[],"prefabToSpawn":"","icon":"iconQuestionMark","color":{"r":0.0,"g":0.0,"b":0.0,"a":0.0},"traits":["strong_minded"]},{"id":"egg_chicken","actorID":1,"race":"chicken","kingdom":"neutral_animals","dropItemOnDeath":1,"actorSize":0,"health":100,"armor":0,"speed":4.0,"dodge":0,"accuracy":90,"diplomacy":0,"maxAge":0,"timeToGrow":0,"animationType":0,"animation_idle":0,"attackRate":0.30000001192092898,"attackDamage":10,"attackKnockback":1.0,"knockbackReduction":1.0,"canBeKilledByStuff":true,"canBeKilledByDrawing":true,"ignoreTileSpeedMod":false,"skipFightLogic":true,"canAttackBuildings":false,"ignoreJobs":false,"egg":true,"unit":false,"unitType":0,"flying":false,"disableJumpAnimation":false,"rotatingAnimation":false,"dieOnGround":false,"dieInWater":false,"waterCreature":false,"swimToIsland":false,"procreate":false,"layEggs":false,"eggPrefab":"","eatGrass":false,"carnivorous":false,"meatSource":false,"panicWhenAttacked":false,"canBeDamagedByFire":true,"canBeMovedByForce":true,"canTurnIntoZombie":false,"hideFavoriteIcon":false,"canBeInspected":false,"inspectAvatarScale":2.5,"maxHunger":100,"hungerTimer":4,"needFood":false,"updateZ":true,"hideOnMinimap":true,"defaultJob":"","randomWeapons":"","heads":7,"effectDamage":true,"specialAnimation":true,"flipAnimation":false,"specialDeadAnimation":false,"dieByLightning":false,"listJobs":[],"prefabToSpawn":"p_chicken","icon":"iconQuestionMark","color":{"r":0.8980392217636108,"g":0.8980392217636108,"b":0.7215686440467835,"a":1.0},"traits":["strong_minded","tough","weightless"]},{"id":"chicken","actorID":5,"race":"chicken","kingdom":"neutral_animals","dropItemOnDeath":1,"actorSize":0,"health":50,"armor":0,"speed":2.0,"dodge":0,"accuracy":90,"diplomacy":0,"maxAge":0,"timeToGrow":0,"animationType":0,"animation_idle":0,"attackRate":0.30000001192092898,"attackDamage":2,"attackKnockback":1.0,"knockbackReduction":1.0,"canBeKilledByStuff":true,"canBeKilledByDrawing":true,"ignoreTileSpeedMod":false,"skipFightLogic":false,"canAttackBuildings":false,"ignoreJobs":false,"egg":false,"unit":false,"unitType":0,"flying":false,"disableJumpAnimation":false,"rotatingAnimation":false,"dieOnGround":false,"dieInWater":false,"waterCreature":false,"swimToIsland":true,"procreate":true,"layEggs":true,"eggPrefab":"p_egg_chicken","eatGrass":true,"carnivorous":false,"meatSource":true,"panicWhenAttacked":false,"canBeDamagedByFire":true,"canBeMovedByForce":true,"canTurnIntoZombie":false,"hideFavoriteIcon":false,"canBeInspected":true,"inspectAvatarScale":2.5,"maxHunger":100,"hungerTimer":4,"needFood":true,"updateZ":true,"hideOnMinimap":true,"defaultJob":"","randomWeapons":"","heads":7,"effectDamage":true,"specialAnimation":false,"flipAnimation":true,"specialDeadAnimation":false,"dieByLightning":false,"listJobs":["random_move"],"prefabToSpawn":"","icon":"iconChicken","color":{"r":0.8705882430076599,"g":0.8549019694328308,"b":0.7686274647712708,"a":1.0},"traits":["peaceful","weightless"]},{"id":"cat","actorID":6,"race":"cat","kingdom":"neutral_animals","dropItemOnDeath":1,"actorSize":1,"health":99,"armor":0,"speed":3.0,"dodge":0,"accuracy":90,"diplomacy":0,"maxAge":0,"timeToGrow":0,"animationType":0,"animation_idle":0,"attackRate":0.30000001192092898,"attackDamage":4,"attackKnockback":1.0,"knockbackReduction":1.0,"canBeKilledByStuff":true,"canBeKilledByDrawing":true,"ignoreTileSpeedMod":false,"skipFightLogic":false,"canAttackBuildings":false,"ignoreJobs":false,"egg":false,"unit":false,"unitType":0,"flying":false,"disableJumpAnimation":false,"rotatingAnimation":false,"dieOnGround":false,"dieInWater":false,"waterCreature":false,"swimToIsland":true,"procreate":true,"layEggs":false,"eggPrefab":"","eatGrass":false,"carnivorous":true,"meatSource":true,"panicWhenAttacked":false,"canBeDamagedByFire":true,"canBeMovedByForce":true,"canTurnIntoZombie":false,"hideFavoriteIcon":false,"canBeInspected":true,"inspectAvatarScale":2.5,"maxHunger":100,"hungerTimer":4,"needFood":true,"updateZ":true,"hideOnMinimap":true,"defaultJob":"","randomWeapons":"","heads":7,"effectDamage":true,"specialAnimation":false,"flipAnimation":true,"specialDeadAnimation":false,"dieByLightning":false,"listJobs":["random_move"],"prefabToSpawn":"","icon":"iconCat","color":{"r":0.7607843279838562,"g":0.5921568870544434,"b":0.30588236451148989,"a":1.0},"traits":["peaceful","weightless"]},{"id":"rabbit","actorID":7,"race":"rabbit","kingdom":"neutral_animals","dropItemOnDeath":1,"actorSize":0,"health":100,"armor":0,"speed":2.0,"dodge":0,"accuracy":90,"diplomacy":0,"maxAge":0,"timeToGrow":0,"animationType":0,"animation_idle":0,"attackRate":0.30000001192092898,"attackDamage":1,"attackKnockback":1.0,"knockbackReduction":1.0,"canBeKilledByStuff":true,"canBeKilledByDrawing":true,"ignoreTileSpeedMod":false,"skipFightLogic":false,"canAttackBuildings":false,"ignoreJobs":false,"egg":false,"unit":false,"unitType":0,"flying":false,"disableJumpAnimation":false,"rotatingAnimation":false,"dieOnGround":false,"dieInWater":false,"waterCreature":false,"swimToIsland":true,"procreate":true,"layEggs":false,"eggPrefab":"","eatGrass":true,"carnivorous":false,"meatSource":true,"panicWhenAttacked":false,"canBeDamagedByFire":true,"canBeMovedByForce":true,"canTurnIntoZombie":false,"hideFavoriteIcon":false,"canBeInspected":true,"inspectAvatarScale":2.5,"maxHunger":100,"hungerTimer":4,"needFood":true,"updateZ":true,"hideOnMinimap":true,"defaultJob":"","randomWeapons":"","heads":7,"effectDamage":true,"specialAnimation":false,"flipAnimation":true,"specialDeadAnimation":false,"dieByLightning":false,"listJobs":["random_move"],"prefabToSpawn":"","icon":"iconRabbit","color":{"r":0.8274509906768799,"g":0.8392156958580017,"b":0.8196078538894653,"a":1.0},"traits":["peaceful","weightless"]},{"id":"piranha","actorID":16,"race":"piranha","kingdom":"piranhas","dropItemOnDeath":1,"actorSize":1,"health":100,"armor":0,"speed":3.0,"dodge":0,"accuracy":90,"diplomacy":0,"maxAge":0,"timeToGrow":0,"animationType":0,"animation_idle":0,"attackRate":0.20000000298023225,"attackDamage":20,"attackKnockback":0.5,"knockbackReduction":1.0,"canBeKilledByStuff":true,"canBeKilledByDrawing":true,"ignoreTileSpeedMod":false,"skipFightLogic":false,"canAttackBuildings":false,"ignoreJobs":false,"egg":false,"unit":false,"unitType":0,"flying":false,"disableJumpAnimation":false,"rotatingAnimation":false,"dieOnGround":true,"dieInWater":false,"waterCreature":true,"swimToIsland":false,"procreate":false,"layEggs":false,"eggPrefab":"","eatGrass":false,"carnivorous":true,"meatSource":false,"panicWhenAttacked":false,"canBeDamagedByFire":true,"canBeMovedByForce":true,"canTurnIntoZombie":false,"hideFavoriteIcon":false,"canBeInspected":true,"inspectAvatarScale":2.5,"maxHunger":100,"hungerTimer":4,"needFood":false,"updateZ":true,"hideOnMinimap":true,"defaultJob":"random_swim","randomWeapons":"","heads":7,"effectDamage":true,"specialAnimation":false,"flipAnimation":true,"specialDeadAnimation":false,"dieByLightning":false,"listJobs":["random_move"],"prefabToSpawn":"","icon":"iconPiranha","color":{"r":0.20392157137393952,"g":0.5137255191802979,"b":0.7137255072593689,"a":1.0},"traits":["immortal"]},{"id":"bandit","actorID":13,"race":"bandit","kingdom":"bandits","dropItemOnDeath":1,"actorSize":2,"health":100,"armor":0,"speed":6.0,"dodge":0,"accuracy":90,"diplomacy":0,"maxAge":0,"timeToGrow":0,"animationType":0,"animation_idle":0,"attackRate":1.0,"attackDamage":10,"attackKnockback":1.0,"knockbackReduction":1.0,"canBeKilledByStuff":true,"canBeKilledByDrawing":true,"ignoreTileSpeedMod":false,"skipFightLogic":false,"canAttackBuildings":true,"ignoreJobs":false,"egg":false,"unit":false,"unitType":0,"flying":false,"disableJumpAnimation":false,"rotatingAnimation":false,"dieOnGround":false,"dieInWater":false,"waterCreature":false,"swimToIsland":true,"procreate":false,"layEggs":false,"eggPrefab":"","eatGrass":false,"carnivorous":false,"meatSource":false,"panicWhenAttacked":false,"canBeDamagedByFire":true,"canBeMovedByForce":true,"canTurnIntoZombie":true,"hideFavoriteIcon":false,"canBeInspected":true,"inspectAvatarScale":2.5,"maxHunger":100,"hungerTimer":4,"needFood":false,"updateZ":true,"hideOnMinimap":true,"defaultJob":"","randomWeapons":"","heads":7,"effectDamage":true,"specialAnimation":false,"flipAnimation":true,"specialDeadAnimation":false,"dieByLightning":false,"listJobs":["random_move"],"prefabToSpawn":"","icon":"iconBandit","color":{"r":0.29019609093666079,"g":0.24705882370471955,"b":0.2078431397676468,"a":1.0},"traits":["bomberman","pyromaniac"]},{"id":"bear","actorID":3,"race":"bear","kingdom":"bears","dropItemOnDeath":1,"actorSize":3,"health":150,"armor":0,"speed":6.0,"dodge":0,"accuracy":90,"diplomacy":0,"maxAge":40,"timeToGrow":0,"animationType":0,"animation_idle":0,"attackRate":1.0,"attackDamage":45,"attackKnockback":1.2000000476837159,"knockbackReduction":0.800000011920929,"canBeKilledByStuff":true,"canBeKilledByDrawing":true,"ignoreTileSpeedMod":false,"skipFightLogic":false,"canAttackBuildings":true,"ignoreJobs":false,"egg":false,"unit":false,"unitType":0,"flying":false,"disableJumpAnimation":false,"rotatingAnimation":false,"dieOnGround":false,"dieInWater":false,"waterCreature":false,"swimToIsland":true,"procreate":true,"layEggs":false,"eggPrefab":"","eatGrass":false,"carnivorous":true,"meatSource":false,"panicWhenAttacked":false,"canBeDamagedByFire":true,"canBeMovedByForce":true,"canTurnIntoZombie":false,"hideFavoriteIcon":false,"canBeInspected":true,"inspectAvatarScale":2.5,"maxHunger":100,"hungerTimer":4,"needFood":true,"updateZ":true,"hideOnMinimap":true,"defaultJob":"","randomWeapons":"","heads":7,"effectDamage":true,"specialAnimation":false,"flipAnimation":true,"specialDeadAnimation":false,"dieByLightning":false,"listJobs":["random_move"],"prefabToSpawn":"","icon":"iconBear","color":{"r":0.42352941632270815,"g":0.32156863808631899,"b":0.1764705926179886,"a":1.0},"traits":["strong"]},{"id":"wolf","actorID":2,"race":"wolf","kingdom":"wolves","dropItemOnDeath":1,"actorSize":2,"health":100,"armor":0,"speed":7.0,"dodge":0,"accuracy":90,"diplomacy":0,"maxAge":40,"timeToGrow":0,"animationType":0,"animation_idle":0,"attackRate":1.0,"attackDamage":15,"attackKnockback":0.800000011920929,"knockbackReduction":1.0,"canBeKilledByStuff":true,"canBeKilledByDrawing":true,"ignoreTileSpeedMod":false,"skipFightLogic":false,"canAttackBuildings":false,"ignoreJobs":false,"egg":false,"unit":false,"unitType":0,"flying":false,"disableJumpAnimation":false,"rotatingAnimation":false,"dieOnGround":false,"dieInWater":false,"waterCreature":false,"swimToIsland":true,"procreate":true,"layEggs":false,"eggPrefab":"","eatGrass":false,"carnivorous":true,"meatSource":false,"panicWhenAttacked":false,"canBeDamagedByFire":true,"canBeMovedByForce":true,"canTurnIntoZombie":false,"hideFavoriteIcon":false,"canBeInspected":true,"inspectAvatarScale":2.5,"maxHunger":100,"hungerTimer":4,"needFood":true,"updateZ":true,"hideOnMinimap":true,"defaultJob":"","randomWeapons":"","heads":7,"effectDamage":true,"specialAnimation":false,"flipAnimation":true,"specialDeadAnimation":false,"dieByLightning":false,"listJobs":["random_move","follow_same_race"],"prefabToSpawn":"","icon":"iconWolf","color":{"r":0.2235294133424759,"g":0.2235294133424759,"b":0.2235294133424759,"a":1.0},"traits":[]},{"id":"demon","actorID":9,"race":"demon","kingdom":"demons","dropItemOnDeath":1,"actorSize":2,"health":120,"armor":0,"speed":6.0,"dodge":0,"accuracy":90,"diplomacy":0,"maxAge":0,"timeToGrow":0,"animationType":0,"animation_idle":0,"attackRate":1.0,"attackDamage":40,"attackKnockback":1.0,"knockbackReduction":1.0,"canBeKilledByStuff":true,"canBeKilledByDrawing":true,"ignoreTileSpeedMod":false,"skipFightLogic":false,"canAttackBuildings":true,"ignoreJobs":false,"egg":false,"unit":false,"unitType":0,"flying":false,"disableJumpAnimation":false,"rotatingAnimation":false,"dieOnGround":false,"dieInWater":true,"waterCreature":false,"swimToIsland":true,"procreate":false,"layEggs":false,"eggPrefab":"","eatGrass":false,"carnivorous":false,"meatSource":false,"panicWhenAttacked":false,"canBeDamagedByFire":false,"canBeMovedByForce":true,"canTurnIntoZombie":true,"hideFavoriteIcon":false,"canBeInspected":true,"inspectAvatarScale":2.5,"maxHunger":100,"hungerTimer":4,"needFood":false,"updateZ":true,"hideOnMinimap":true,"defaultJob":"","randomWeapons":"","heads":7,"effectDamage":true,"specialAnimation":false,"flipAnimation":true,"specialDeadAnimation":false,"dieByLightning":false,"listJobs":["random_move"],"prefabToSpawn":"","icon":"iconDemon","color":{"r":0.9333333373069763,"g":0.22745098173618318,"b":0.25882354378700259,"a":1.0},"traits":["immortal","regeneration","burning_feet"]},{"id":"zombie","actorID":14,"race":"undead","kingdom":"undead","dropItemOnDeath":1,"actorSize":2,"health":100,"armor":0,"speed":1.0,"dodge":0,"accuracy":90,"diplomacy":0,"maxAge":0,"timeToGrow":0,"animationType":0,"animation_idle":0,"attackRate":1.0,"attackDamage":14,"attackKnockback":1.0,"knockbackReduction":1.0,"canBeKilledByStuff":true,"canBeKilledByDrawing":true,"ignoreTileSpeedMod":false,"skipFightLogic":false,"canAttackBuildings":true,"ignoreJobs":false,"egg":false,"unit":false,"unitType":0,"flying":false,"disableJumpAnimation":false,"rotatingAnimation":false,"dieOnGround":false,"dieInWater":false,"waterCreature":false,"swimToIsland":true,"procreate":false,"layEggs":false,"eggPrefab":"","eatGrass":false,"carnivorous":false,"meatSource":false,"panicWhenAttacked":false,"canBeDamagedByFire":true,"canBeMovedByForce":true,"canTurnIntoZombie":false,"hideFavoriteIcon":false,"canBeInspected":true,"inspectAvatarScale":2.5,"maxHunger":100,"hungerTimer":4,"needFood":false,"updateZ":true,"hideOnMinimap":true,"defaultJob":"","randomWeapons":"","heads":7,"effectDamage":true,"specialAnimation":false,"flipAnimation":true,"specialDeadAnimation":false,"dieByLightning":false,"listJobs":["random_move"],"prefabToSpawn":"","icon":"iconZombie","color":{"r":0.1411764770746231,"g":0.501960813999176,"b":0.24313725531101228,"a":1.0},"traits":["zombie","immortal"]},{"id":"walker","actorID":10,"race":"walker","kingdom":"walkers","dropItemOnDeath":1,"actorSize":1,"health":100,"armor":0,"speed":2.0,"dodge":0,"accuracy":90,"diplomacy":0,"maxAge":0,"timeToGrow":0,"animationType":0,"animation_idle":0,"attackRate":1.0,"attackDamage":40,"attackKnockback":1.0,"knockbackReduction":1.0,"canBeKilledByStuff":true,"canBeKilledByDrawing":true,"ignoreTileSpeedMod":false,"skipFightLogic":false,"canAttackBuildings":true,"ignoreJobs":false,"egg":false,"unit":false,"unitType":0,"flying":false,"disableJumpAnimation":false,"rotatingAnimation":false,"dieOnGround":false,"dieInWater":false,"waterCreature":false,"swimToIsland":true,"procreate":false,"layEggs":false,"eggPrefab":"","eatGrass":false,"carnivorous":false,"meatSource":false,"panicWhenAttacked":false,"canBeDamagedByFire":true,"canBeMovedByForce":true,"canTurnIntoZombie":true,"hideFavoriteIcon":false,"canBeInspected":true,"inspectAvatarScale":2.5,"maxHunger":100,"hungerTimer":4,"needFood":false,"updateZ":true,"hideOnMinimap":true,"defaultJob":"","randomWeapons":"","heads":7,"effectDamage":true,"specialAnimation":false,"flipAnimation":true,"specialDeadAnimation":false,"dieByLightning":false,"listJobs":["random_move"],"prefabToSpawn":"","icon":"iconWalker","color":{"r":0.5647059082984924,"g":0.8235294222831726,"b":0.8313725590705872,"a":1.0},"traits":["immortal","regeneration","cold_aura","weightless"]},{"id":"livingPlants","actorID":22,"race":"livingPlants","kingdom":"living_plants","dropItemOnDeath":1,"actorSize":3,"health":100,"armor":0,"speed":1.0,"dodge":0,"accuracy":90,"diplomacy":0,"maxAge":0,"timeToGrow":0,"animationType":0,"animation_idle":0,"attackRate":1.0,"attackDamage":30,"attackKnockback":1.2000000476837159,"knockbackReduction":0.10000000149011612,"canBeKilledByStuff":true,"canBeKilledByDrawing":true,"ignoreTileSpeedMod":false,"skipFightLogic":false,"canAttackBuildings":true,"ignoreJobs":false,"egg":false,"unit":false,"unitType":0,"flying":false,"disableJumpAnimation":false,"rotatingAnimation":true,"dieOnGround":false,"dieInWater":true,"waterCreature":false,"swimToIsland":true,"procreate":false,"layEggs":false,"eggPrefab":"","eatGrass":false,"carnivorous":false,"meatSource":false,"panicWhenAttacked":false,"canBeDamagedByFire":true,"canBeMovedByForce":true,"canTurnIntoZombie":false,"hideFavoriteIcon":false,"canBeInspected":true,"inspectAvatarScale":1.0,"maxHunger":100,"hungerTimer":4,"needFood":false,"updateZ":true,"hideOnMinimap":true,"defaultJob":"","randomWeapons":"","heads":7,"effectDamage":true,"specialAnimation":false,"flipAnimation":true,"specialDeadAnimation":false,"dieByLightning":false,"listJobs":["random_move"],"prefabToSpawn":"","icon":"iconLivingPlants","color":{"r":0.06666667014360428,"g":0.364705890417099,"b":0.06666667014360428,"a":1.0},"traits":["immortal","regeneration"]},{"id":"livingHouse","actorID":23,"race":"livingHouse","kingdom":"living_houses","dropItemOnDeath":1,"actorSize":3,"health":500,"armor":1,"speed":1.0,"dodge":0,"accuracy":90,"diplomacy":0,"maxAge":0,"timeToGrow":0,"animationType":0,"animation_idle":0,"attackRate":1.0,"attackDamage":50,"attackKnockback":1.399999976158142,"knockbackReduction":0.10000000149011612,"canBeKilledByStuff":true,"canBeKilledByDrawing":true,"ignoreTileSpeedMod":false,"skipFightLogic":false,"canAttackBuildings":true,"ignoreJobs":false,"egg":false,"unit":false,"unitType":0,"flying":false,"disableJumpAnimation":false,"rotatingAnimation":true,"dieOnGround":false,"dieInWater":true,"waterCreature":false,"swimToIsland":true,"procreate":false,"layEggs":false,"eggPrefab":"","eatGrass":false,"carnivorous":false,"meatSource":false,"panicWhenAttacked":false,"canBeDamagedByFire":true,"canBeMovedByForce":true,"canTurnIntoZombie":false,"hideFavoriteIcon":false,"canBeInspected":true,"inspectAvatarScale":1.0,"maxHunger":100,"hungerTimer":4,"needFood":false,"updateZ":true,"hideOnMinimap":true,"defaultJob":"","randomWeapons":"","heads":7,"effectDamage":true,"specialAnimation":false,"flipAnimation":true,"specialDeadAnimation":false,"dieByLightning":false,"listJobs":["random_move"],"prefabToSpawn":"","icon":"iconLivingHouse","color":{"r":0.1411764770746231,"g":0.501960813999176,"b":0.24313725531101228,"a":1.0},"traits":["immortal"]}]}